profile_id,pct_weeks_with_income,income_coefficient_of_variation,longest_dry_streak_days,trend_last_6_months,year_over_year_change,expense_to_income_ratio,ontime_bill_payment_rate,cash_buffer_days,worst_monthly_dip_pct,months_would_cover_emi_of_last_24,digital_share,cash_share,sufficiency_outcome,sufficiency_months_available,sufficiency_transactions_per_month
MSME0001,1.0,0.3957324538591692,1,0.0516207043126853,0.11618515909128745,0.37832965765992826,0.875,48.363644008522385,0.6419008333066148,22,0.7480197410988747,0.25198025890112535,FULL,24,233.75
MSME0002,1.0,0.20817539684706465,2,0.019429884071226085,-0.016057287721133583,0.640447496365721,0.6666666666666666,15.546879278611236,0.5906597984634013,21,0.6246149089265166,0.37538509107348333,FULL,24,152.917
MSME0003,0.9565217391304348,0.13982127858827115,3,,,0.5084442718391701,0.0,32.18410117803882,0.21546654977588095,5,0.7073508705667786,0.29264912943322136,NOT_ASSESSABLE,5,63.2
MSME0004,1.0,0.2121827158928986,6,0.29342886031051973,0.24141542596410293,0.6578069456357161,1.0,14.096164369524562,0.33396974932937673,24,0.9038826113877797,0.09611738861222036,FULL,24,45.833
MSME0005,1.0,0.38253157760290063,1,0.17362959896896635,0.14759411586901738,0.3312754731575035,1.0,60.06841707048542,0.37090427456402486,24,0.8390221449152879,0.1609778550847121,FULL,24,238.625
MSME0006,1.0,0.46419210517125375,6,-0.12632100640086108,-0.11337748354831913,1.1492086933367767,0.25,-2.0213080079025625,0.6749673356856059,9,0.5724407822711601,0.42755921772883987,FULL,24,134.083
MSME0007,1.0,0.43344084622368,1,0.0060932301802959655,0.012085764050345615,0.3202626916456131,0.9583333333333334,47.024368925866625,0.16266319589748765,24,0.3421232431901164,0.6578767568098836,FULL,24,79.875
MSME0008,1.0,0.1852121665198542,5,0.05018646185089047,0.03333210051706474,0.6285064605075031,0.9583333333333334,18.111573416202425,0.40215082436308736,24,0.8869693302839882,0.11303066971601182,FULL,24,44.625
MSME0009,1.0,0.373837420034858,2,0.06542080217539041,0.03214388164296253,0.501267405390644,0.9166666666666666,31.66518614092138,0.34759794521353704,24,0.756647966706543,0.24335203329345695,FULL,24,229.917
MSME0010,1.0,0.20597775592651302,2,0.14750261264170805,0.15089370489443324,0.5673323710057924,1.0,19.653451958036595,0.4347407712569533,23,0.8034688668643604,0.19653113313563975,FULL,24,170.458
MSME0011,1.0,0.47404614731048755,5,0.11099725834733772,0.14488065775484152,0.19246287705895995,0.9565217391304348,96.44628088755323,0.39009989544630136,24,0.8254063734206438,0.17459362657935623,FULL,24,80.25
MSME0012,1.0,0.198206866282222,7,-0.02986793772165726,0.05094311749420748,0.07106096863043337,0.75,409.2164581205666,0.424510884603695,24,0.7636704856675087,0.23632951433249133,FULL,24,41.042
MSME0013,1.0,0.36481732361641417,2,-0.002646664046667507,0.01255345951639865,0.3318158744870686,0.75,59.05849608675072,0.381436252770023,24,0.7496682101964495,0.25033178980355053,FULL,24,231.792
MSME0014,1.0,0.1716542900026716,2,0.06308773034927911,0.046208957451866976,0.6458763081012041,0.7916666666666666,16.057602012805578,0.3532023956202959,21,0.7343351976252869,0.2656648023747132,FULL,24,161.417
MSME0015,1.0,0.4624840226095519,8,0.1308928553134189,0.12998232577185018,0.20950381927928807,1.0,83.04931311160664,0.19566764855096716,24,0.8512372542063913,0.1487627457936087,FULL,24,79.208
MSME0016,0.9904761904761905,0.28729993018429717,8,-0.05763973211749928,-0.08156885579898304,1.0603462366686527,0.5416666666666666,-0.5208000465699797,0.6521675097579267,24,0.7999314090966425,0.2000685909033574,FULL,24,42.042
MSME0017,1.0,0.36181605712414977,8,0.256639216426905,0.21382922599657953,0.348632742938752,0.9166666666666666,53.76953647822235,0.40401278760506565,24,0.8409699517256543,0.15903004827434586,FULL,24,236.375
MSME0018,1.0,0.17496349519949111,2,0.12619890223111543,0.1442740537253978,0.5906917299120391,0.9583333333333334,17.843584832557223,0.17786074290499898,24,0.8365123053771618,0.16348769462283816,FULL,24,173.792
MSME0019,1.0,0.435416181844786,2,0.0523869079906963,0.03740464286529683,0.44531026916497196,0.7916666666666666,28.21158473175502,0.20316621182852285,24,0.7797540437608843,0.22024595623911572,FULL,24,78.083
MSME0020,1.0,0.2015776891524862,6,0.06238452554700033,0.07313383416352268,0.4537498852793829,1.0,37.811410201853995,0.3686788365787275,24,0.8907094929470836,0.10929050705291635,FULL,24,46.375
MSME0021,1.0,0.35169268464555387,8,-0.25094154520582757,-0.119262820704048,0.9708772627547407,0.20833333333333334,1.0883153729938218,0.5482351440261001,21,0.659233081112937,0.3407669188870629,FULL,24,184.458
MSME0022,0.9904761904761905,0.2687231401105801,11,0.06402320346568853,0.005288283637793583,0.9029619058658155,0.375,3.0897644258064982,0.6389852482987545,10,0.6013845531571584,0.3986154468428416,FULL,24,131.042
MSME0023,1.0,0.43672759837418657,6,0.1264510489997052,0.15346198475708112,0.41120258337996374,0.9166666666666666,33.72097429028051,0.3156012075911064,24,0.8772269898514348,0.1227730101485653,FULL,24,84.083
MSME0024,1.0,0.2575739546215277,5,0.019148777689561847,0.1397744951939165,0.08831664627832045,0.875,326.5612697846157,0.4468310698117703,24,0.8618631072498101,0.13813689275018995,FULL,24,40.792
MSME0025,1.0,0.46076269864277314,3,-0.08241333372700388,-0.10305148607526435,0.7456611747989574,0.4583333333333333,5.52122425478713,0.38730272748759975,23,0.7108942209623121,0.2891057790376878,FULL,24,216.833
MSME0026,1.0,0.14890702062207714,2,0.10197383770985725,0.10616943595359411,0.5979192415446726,0.9583333333333334,19.273449816952088,0.13358271355434487,24,0.8434379116467405,0.1565620883532595,FULL,24,166.667
MSME0027,1.0,0.4746695608380621,6,-0.200876630155023,-0.1465779597747108,0.2702119018243638,0.5416666666666666,64.34933667472224,0.4856711463052959,24,0.656990004246201,0.3430099957537989,FULL,24,70.333
MSME0028,0.9904761904761905,0.214179391776928,8,-0.05182170597075684,-0.0741985432274197,0.1572432538694735,0.4583333333333333,166.780452538909,0.517548039715266,24,0.6265019495049599,0.37349805049504026,FULL,24,32.333
MSME0029,1.0,0.3735364778247679,2,0.10736744729870651,0.11731829299456081,0.318896055425313,1.0,58.60976086843864,0.3687469602317675,24,0.8359629219498984,0.16403707805010168,FULL,24,240.875
MSME0030,1.0,0.21874821337381042,8,0.19316255639781899,0.1712942971150807,0.6886976778757148,0.9583333333333334,12.990562282394938,0.37801010913505,22,0.8618777701470886,0.13812222985291142,FULL,24,168.5
MSME0031,1.0,0.45012018807063997,8,-0.12548137596059344,-0.0705628881787593,0.2711112017886512,0.7391304347826086,71.09167331465865,0.3371994263860234,24,0.6855870943579934,0.3144129056420066,FULL,24,72.25
MSME0032,1.0,0.23640123684639933,5,0.008914885334589673,-0.14167925788248226,0.026279378083099967,0.5416666666666666,1119.5327488723713,0.497445350154003,24,0.6653351072267979,0.33466489277320216,FULL,24,38.333
MSME0033,1.0,0.5007655966647109,5,-0.38540504371411083,-0.20779806318146982,0.6225817688353096,0.4583333333333333,18.515721014954835,0.7987473828759595,17,0.5794598693403415,0.42054013065965834,FULL,24,192.167
MSME0034,1.0,0.15956678621296036,1,0.09932281422759122,0.11498214726045107,0.6066921594422967,0.9583333333333334,16.376971278923115,0.15996413545471397,24,0.8320851226728642,0.1679148773271358,FULL,24,168.75
MSME0035,1.0,0.47233592774797084,5,0.1559438316871486,0.042883766103428055,0.4812901712131044,0.625,23.389834969595068,0.5701297139984705,24,0.8179964040714958,0.18200359592850412,FULL,24,78.333
MSME0036,1.0,0.17423602769428057,6,-0.051983320973598826,-0.03986914719481267,0.0655447291460253,0.75,432.5025235276834,0.3472012848618252,24,0.7540908723349354,0.24590912766506454,FULL,24,39.917
MSME0037,1.0,0.5295169174147935,4,-0.07207203359210178,0.04003282954870305,0.5524939815621055,0.16666666666666666,28.48740593391713,0.8285641039597589,18,0.5758750778433048,0.42412492215669517,FULL,24,192.167
MSME0038,1.0,0.19072672569820842,7,0.10817599972512837,0.13861545760716282,0.5851853755838771,1.0,19.654705790239632,0.1566586950912296,24,0.8481332731451905,0.15186672685480943,FULL,24,166.083
MSME0039,0.9904761904761905,0.43348987864974076,7,0.2318680518984797,0.17331474204825373,0.20541839334155831,1.0,96.93026283171679,0.2946691902418101,24,0.8459608172230406,0.15403918277695947,FULL,24,78.583
MSME0040,1.0,0.21708153233559419,8,0.045698152036607875,0.11362266294266186,0.0603286502480772,0.9166666666666666,447.50731424542425,0.40986482286107284,24,0.8444207470151394,0.1555792529848606,FULL,24,41.792
MSME0041,1.0,0.33644273191064245,3,-0.24152666741580558,-0.17832509213294337,0.4283806616235711,0.5416666666666666,41.04231194538396,0.4428920960249635,23,0.6600737839403624,0.3399262160596376,FULL,24,216.125
MSME0042,1.0,0.16880015591784334,4,0.23153175828171607,0.09503967328439043,0.7030662506655736,0.8333333333333334,13.177454511699331,0.4315668126203561,21,0.7234793128433136,0.27652068715668643,FULL,24,168.792
MSME0043,1.0,0.45282785097304246,1,0.1414044388206031,0.11635660217063244,0.2109230478416455,0.875,86.21975831557168,0.16340831685225024,24,0.8416053421661559,0.15839465783384413,FULL,24,77.5
MSME0044,0.9904761904761905,0.3582680620735852,8,0.1657694494813505,-0.15760184094721433,0.1360223330718431,0.2916666666666667,248.00947221370402,0.6094994172488102,24,0.64027732223573,0.3597226777642701,FULL,24,31.292
MSME0045,1.0,0.5155643222397331,4,-0.18177862371385217,-0.16653322946160984,0.9115865244613492,0.25,1.1397456660517575,0.6943003854797805,20,0.6821543450370863,0.3178456549629137,FULL,24,194.458
MSME0046,1.0,0.17441389103178592,2,0.03834025993726889,0.0444135737262945,0.6840974351461201,0.8333333333333334,11.508650992756282,0.16187092698842237,23,0.7213349075154323,0.27866509248456767,FULL,24,165.375
MSME0047,1.0,0.44615031671471816,2,0.1808344347041986,0.14460440516539705,0.20236708691528316,0.9583333333333334,90.75296640000131,0.18108512074065203,24,0.8172872049879161,0.18271279501208396,FULL,24,81.583
MSME0048,0.9809523809523809,0.3585421801040536,9,-0.24380744300653207,-0.10313481939272005,0.08773816242480145,0.16666666666666666,339.05411019930784,0.7207925886541331,24,0.6118861603264644,0.3881138396735356,FULL,24,30.708
MSME0049,1.0,0.39863500469438834,2,-0.06888113430462313,-0.017174499172946816,0.3469306905039873,0.9166666666666666,53.17580805879634,0.6303916023204112,23,0.7615174375979233,0.23848256240207658,FULL,24,233.542
MSME0050,0.9904761904761905,0.18248452767911857,7,0.027507382036574577,0.013026045641178171,0.6720516829513339,0.9130434782608695,11.709790937378978,0.15516989761048589,22,0.7348415247033518,0.2651584752966482,FULL,24,163.5
MSME0051,1.0,0.41421491744482536,1,0.09879594673653518,0.11392654095768733,0.1946591909796752,0.875,92.62297754070758,0.2502711001902847,24,0.8332439966924285,0.1667560033075714,FULL,24,78.75
MSME0052,1.0,0.3559475130193891,8,0.015067404870288367,-0.10075253867224532,0.15795599962079102,0.4166666666666667,178.92174512592774,0.7328316222760072,24,0.587524563972955,0.4124754360270449,FULL,24,30.958
MSME0053,1.0,0.38394390222703123,8,0.11334721853907737,0.10703733481362908,0.48774114320227746,0.875,29.65677024575228,0.4912962330484164,24,0.8538657017975456,0.14613429820245438,FULL,24,241.583
MSME0054,1.0,0.16702714395374024,2,0.14238322425687694,0.059981111118665074,0.6348265928615427,0.9166666666666666,17.220641738732773,0.26230307223784094,22,0.6984260928545833,0.3015739071454167,FULL,24,166.0
MSME0055,1.0,0.43938322006166936,1,0.1756190248680159,0.1653956118277399,0.20874302642352557,0.9166666666666666,85.82779920059214,0.2598541701362203,24,0.868395899748223,0.13160410025177707,FULL,24,80.792
MSME0056,1.0,0.22791524478181593,7,0.3885630825748299,0.3470739651090569,0.5925270256029435,0.9166666666666666,19.121666269822708,0.4263157979934892,24,0.8982663493297633,0.10173365067023661,FULL,24,44.208
MSME0057,0.9904761904761905,0.406540064945739,8,0.07480094322787116,0.07489869648671078,0.3342914271137487,0.8695652173913043,56.265552346650416,0.4355874240764946,24,0.8404375845365858,0.15956241546341424,FULL,24,235.833
MSME0058,1.0,0.2633084808506786,3,-0.1246590910908772,-0.1480346599212966,0.7209133880274958,0.5,10.443624012073634,0.5872952010905327,16,0.5921206944843636,0.40787930551563645,FULL,24,151.958
MSME0059,1.0,0.4242808001936042,7,0.07345584564335116,0.04598237941576938,0.21833605438652962,0.7916666666666666,89.45347932387541,0.3252707904519915,24,0.7238504983189765,0.2761495016810235,FULL,24,77.625
MSME0060,1.0,0.2424483783251081,7,-0.07275871543731582,-0.0010780635896356378,0.25859981833023216,0.7083333333333334,83.58176086184592,0.4877584023439715,24,0.7262137014838129,0.27378629851618713,FULL,24,40.042
MSME0061,1.0,0.3705804091918939,9,0.033345817793763735,-0.00024674613857957105,0.4011964336825769,0.75,43.2871710791004,0.41580189971281095,24,0.6429802532094111,0.35701974679058895,FULL,24,204.583
MSME0062,1.0,0.18437244981268844,5,0.14625142879518382,0.12655032940082458,0.5448211156707358,1.0,21.933630163828976,0.15029686422945637,24,0.810642052870918,0.1893579471290821,FULL,24,164.875
MSME0063,1.0,0.47471614342746427,4,-0.2234736332841977,-0.20447410172164623,0.312721566004766,0.4166666666666667,55.596643335916,0.38810972923684733,24,0.5706671234896629,0.4293328765103372,FULL,24,58.583
MSME0064,0.9809523809523809,0.2269515052688398,8,0.00024164295240086168,0.008316347346556226,0.0699876528087711,0.8333333333333334,393.9702425403482,0.48341906242939003,24,0.7510133833785652,0.2489866166214349,FULL,24,37.875
MSME0065,1.0,0.298024579352293,2,-0.1742569297837761,-0.12270291802945879,0.3868421370222532,0.5,46.986350155592426,0.37749864393526517,24,0.6599606004345268,0.34003939956547324,FULL,24,219.5
MSME0066,1.0,0.19055416155487395,2,-0.023501580790719383,-0.003120951498620932,0.6122319935104069,0.9166666666666666,17.45399414488785,0.414224931751044,22,0.7337875213598163,0.2662124786401837,FULL,24,163.417
MSME0067,1.0,0.4926098064316566,2,0.02728450467657676,-0.031136405270032353,0.28958155087747023,0.625,62.75206575266098,0.605989027033898,22,0.6799962194095746,0.3200037805904255,FULL,24,72.167
MSME0068,1.0,0.2387936235560946,6,0.0020836757689917736,-0.01797582960947825,0.04036713817418028,0.8333333333333334,702.0902187552871,0.39216686087326563,24,0.7324370739175986,0.26756292608240134,FULL,24,39.417
MSME0069,1.0,0.3789786169221921,2,0.12716084936461403,0.12819658497092695,0.5382139934085999,0.9583333333333334,25.091214277723815,0.3864817595825453,24,0.8560877270012974,0.14391227299870243,FULL,24,243.333
MSME0070,1.0,0.25490911865899585,3,0.1414968311500082,-0.028391477687878055,0.7008942170719917,0.5833333333333334,14.230198722737189,0.6547313827296304,18,0.6570875993614741,0.3429124006385258,FULL,24,153.292
MSME0071,1.0,0.37077322847181704,3,-0.056806008420631764,-0.0717258605127294,0.5785348631808742,0.5833333333333334,20.49634353063033,0.21159610983084795,24,0.7223656389735632,0.27763436102643674,FULL,24,74.625
MSME0072,1.0,0.3677894474475591,7,-0.006898996627178035,-0.20489780073890249,0.23388415080065103,0.2608695652173913,110.22783425701282,0.7404161291300496,24,0.6267557044220167,0.3732442955779834,FULL,24,31.042
MSME0073,1.0,0.37511819110471367,1,0.17153567823104957,0.15014537864125244,0.5077877795017901,1.0,29.550111088539392,0.3858267268390746,24,0.8432919659559486,0.1567080340440514,FULL,24,242.833
MSME0074,1.0,0.1537956398165363,4,0.028130446535927528,0.025594841088753845,0.606154408293613,0.9166666666666666,18.3667462471799,0.16822213686624998,22,0.7249103872201821,0.27508961277981786,FULL,24,160.708
MSME0075,1.0,0.4550458763837755,4,0.0770275101108433,0.0717972971228192,0.2184063895423206,0.6521739130434783,87.76264902269958,0.4342912685989383,24,0.7592255992855412,0.24077440071445874,FULL,24,76.917
MSME0076,1.0,0.18656956059305435,6,0.07926441210861199,0.09921294631921239,0.0418489362369063,0.875,706.9692320566821,0.32290595280953777,24,0.8276610261708933,0.1723389738291067,FULL,24,43.167
MSME0077,1.0,0.502872688460043,6,-0.379783087527144,-0.3816515916375608,0.5482214970168287,0.3333333333333333,21.911910642200123,0.6324296964638876,19,0.579197926489067,0.4208020735109329,FULL,24,188.375
MSME0078,1.0,0.23924397152802804,3,-0.17450327166268081,-0.11202187425336894,0.6730316419115326,0.5,13.79870195279417,0.6449446754538212,19,0.697349706685694,0.302650293314306,FULL,24,149.708
MSME0079,1.0,0.39154435665837783,7,-0.04272566725738358,-0.017234864711727096,0.2209222858683471,0.75,89.07770054704096,0.3631111639691976,24,0.7636106268788188,0.23638937312118122,FULL,24,74.5
MSME0080,1.0,0.23468717942828896,7,0.04442105781332902,0.027238612827728725,0.08158365221782994,0.9583333333333334,346.89439994443296,0.312567149893043,24,0.836626464024659,0.16337353597534102,FULL,24,40.375
MSME0081,1.0,0.4013935862669157,1,0.12385365027649343,0.11774761446879797,0.3488929739867868,0.9166666666666666,58.62209997471302,0.369870765055544,24,0.8260152659755868,0.1739847340244131,FULL,24,241.792
MSME0082,1.0,0.18273131301131115,1,0.1615869679233394,0.14326714194757384,0.5987032237932607,1.0,18.81520373465536,0.174761677781314,23,0.8554337090571471,0.14456629094285287,FULL,24,172.083
MSME0083,1.0,0.42640846954622263,1,-0.006784474341795871,,0.22003816748721347,1.0,76.77884529069965,0.1028736633663373,11,0.8318954053419088,0.16810459465809136,LOW_CONFIDENCE,11,79.636
MSME0084,0.9904761904761905,0.20849115332146298,9,0.1692081803237299,0.07727240571464289,0.7528074958966042,0.9166666666666666,13.545620027542219,0.32087618412050234,24,0.85235809932185,0.1476419006781499,FULL,24,41.667
MSME0085,1.0,0.39121412210165435,1,0.16354788240987003,0.13432876799026147,0.4185103165449573,0.875,42.58386629943336,0.5969932195712834,23,0.8328908839833155,0.16710911601668466,FULL,24,246.708
MSME0086,1.0,0.13941396611354895,2,0.025192921835211258,0.014273320521522186,0.5910740161932465,0.875,19.77846916920754,0.10546921384416601,24,0.7506029131819179,0.24939708681808212,FULL,24,163.167
MSME0087,1.0,0.44826686852347936,8,-0.014708784036529076,-0.05424695856172157,0.21853686670469039,0.75,89.13969502461062,0.5654784595471788,24,0.7514882436461837,0.24851175635381625,FULL,24,75.292
MSME0088,0.9904761904761905,0.20077663434715462,6,-0.09489919281341751,-0.02831709078351116,0.45062913498825724,0.75,39.5166102223379,0.532454275631491,24,0.834795633141183,0.16520436685881706,FULL,24,44.042
MSME0089,1.0,0.39895390556990973,8,0.024615764824096928,0.024936396784161617,0.3349642803663821,0.875,59.19760269966488,0.509601495387816,24,0.7497547076858612,0.2502452923141389,FULL,24,229.583
MSME0090,1.0,0.18700524696069637,3,0.15553421372749096,0.12995014819700984,0.59647036749126,0.9166666666666666,17.603347386966405,0.1732046313879964,24,0.7978071285842154,0.2021928714157845,FULL,24,172.083
MSME0091,1.0,0.45919347424079204,1,0.11681417789596026,0.1143209445553402,0.20466458483435082,0.9583333333333334,86.72523068329035,0.291523127937352,24,0.8527902968948051,0.14720970310519482,FULL,24,78.125
MSME0092,1.0,0.1760955176071117,6,0.01909923668867971,0.05047230359991329,0.7880114929725883,0.875,9.484628794055665,0.30465929419690047,24,0.8516769619337682,0.14832303806623187,FULL,24,40.167
MSME0093,1.0,0.39318929300048855,5,0.08837873167111812,0.0936930157545625,0.5659394014836359,0.9130434782608695,20.171511836644292,0.4302006920730952,24,0.8560463397404697,0.14395366025953024,FULL,24,238.792
MSME0094,1.0,0.3029578260556129,9,-0.15428181472707955,-0.21471153450935812,0.9577875350558406,0.4583333333333333,0.4635664568916766,0.7187301468604071,10,0.5561656261534065,0.44383437384659363,FULL,24,127.333
MSME0095,1.0,0.6488765164754052,4,-0.16757663205308898,-0.14143198498626042,0.3273610323737461,0.4166666666666667,45.79814631440331,0.7283869274643526,21,0.5994305863033396,0.40056941369666044,FULL,24,61.292
MSME0096,1.0,0.2234005161744173,7,0.16507340994662809,0.08269596506544867,0.08962752180602357,0.9583333333333334,309.6585408568257,0.3901751493894893,24,0.7575986686998122,0.2424013313001878,FULL,24,41.625
MSME0097,1.0,0.3904916119953071,1,0.11233451753476578,0.12283616982360135,0.3163501192895484,1.0,61.74973832699832,0.38204873672699813,24,0.828989562140349,0.1710104378596509,FULL,24,233.292
MSME0098,1.0,0.18167698112775643,8,0.07187514683203085,0.09121788601001206,0.6071870324242172,0.9583333333333334,17.538438583529818,0.17068925151287545,24,0.783123490493644,0.21687650950635592,FULL,24,164.542
MSME0099,1.0,0.5572384635575713,6,-0.329791595186317,-0.18947813761055515,0.3591336705324193,0.3333333333333333,48.08251092499104,0.6749630736587898,20,0.5915240814656819,0.40847591853431814,FULL,24,62.375
MSME0100,1.0,0.21698837822220807,8,0.008211094165542509,-0.006051516494732273,1.0971829708950125,0.4583333333333333,-4.633977343328581,0.5522329427394467,24,0.8439920535930439,0.15600794640695617,FULL,24,39.875
MSME0101,0.9285714285714286,0.2785569438466128,4,-0.04736435751537578,,0.713396264835344,0.5,8.91655405394148,0.11829098790721705,5,0.6032059148248563,0.39679408517514375,LOW_CONFIDENCE,6,194.333
MSME0102,1.0,0.1714803670771297,2,0.13503135253448983,0.1292512333940161,0.5904192685112039,1.0,18.76377760031701,0.19913707079977025,23,0.7698566261742247,0.23014337382577524,FULL,24,170.292
MSME0103,1.0,0.43383609949851454,1,0.15470363585142685,0.14169882729326325,0.29050151880846636,0.875,53.034289476570656,0.17972211882662725,24,0.8412546253841933,0.1587453746158067,FULL,24,84.208
MSME0104,1.0,0.26240259259972,6,-0.03156963499672655,-0.016014697169882165,0.09907825410998145,0.5416666666666666,297.1284129820387,0.5910988296668034,24,0.7105849077426115,0.28941509225738854,FULL,24,37.792
MSME0105,1.0,0.4181085843896737,4,-0.08927139985500934,-0.06361119756527306,0.6535138947156264,0.9166666666666666,12.30874198143682,0.5440901487519684,22,0.7962623973945294,0.20373760260547055,FULL,24,237.208
MSME0106,1.0,0.040993950072504656,1,,,0.6553137549262543,0.75,16.45329034218511,0.06752537597585513,4,0.7523943486481746,0.24760565135182538,NOT_ASSESSABLE,4,165.0
MSME0107,1.0,0.46898978922380663,5,0.12505412612734504,0.08116237204544459,0.1951062476791855,0.8333333333333334,96.01390457494723,0.3801443910537054,24,0.8269868614925163,0.1730131385074837,FULL,24,79.25
MSME0108,1.0,0.16927768433773463,5,0.10950100862704625,0.09275140751451955,0.02714896069022128,0.9583333333333334,1096.8838559009127,0.38205909316814163,24,0.7587233264439429,0.24127667355605703,FULL,24,41.833
MSME0109,1.0,0.4199806064756116,2,0.13501012791757283,0.10790865512903391,0.5825304203643202,0.9583333333333334,18.769884056446394,0.6154230986477712,23,0.7840193898026162,0.2159806101973837,FULL,24,243.833
MSME0110,1.0,0.1822111319306078,3,0.10262547205647872,0.10746304264804851,0.5874028476313489,1.0,19.513958708845923,0.2008006908382328,23,0.8295635637237332,0.17043643627626684,FULL,24,170.417
MSME0111,1.0,0.43982661599628164,2,-0.12528170259453864,-0.16278262095801,0.26661152947235967,0.75,74.91497684622152,0.585222801014571,23,0.6468159702725446,0.35318402972745544,FULL,24,76.375
MSME0112,0.9904761904761905,0.1643379429831329,8,-0.15987710583691847,-0.06062199946294812,0.1395404161558577,0.8333333333333334,187.99789610610276,0.35504569595441965,24,0.3183027721452782,0.6816972278547218,FULL,24,39.25
MSME0113,1.0,0.39525492383081096,2,0.11748115059335461,0.09171727051545346,0.3487705657818443,0.9166666666666666,53.090223151463164,0.36790467565421964,24,0.8351835009024722,0.16481649909752782,FULL,24,238.917
MSME0114,1.0,0.0568927996646733,2,-0.00015519512815139795,,0.5601564296448137,1.0,20.267069505036137,0.10736020826213995,9,0.7727552273916437,0.2272447726083562,LOW_CONFIDENCE,9,160.333
MSME0115,1.0,0.4325567871910621,1,0.10514644323910019,0.1147139896737115,0.19937031159313554,0.875,95.3361923566464,0.2068386879914048,24,0.823247498863045,0.17675250113695487,FULL,24,78.708
MSME0116,0.9904761904761905,0.27033318647718085,7,-0.13939260761600977,-0.1689399100070565,0.3265651489992263,0.5416666666666666,63.717852731269666,0.6640694934980138,24,0.7407477414089131,0.2592522585910868,FULL,24,39.5
MSME0117,1.0,0.3756042630027165,2,0.03504182445519807,0.05243851604835325,0.3599190798199341,0.8333333333333334,52.91167169486145,0.3996988834538092,24,0.7457726986687696,0.2542273013312304,FULL,24,232.458
MSME0118,1.0,0.23804772686942383,3,-0.054036172045058915,0.037744894873426686,0.6782642002514211,0.5416666666666666,13.764415181783926,0.6073925364643344,19,0.5995621817881237,0.40043781821187624,FULL,24,148.542
MSME0119,1.0,0.4080179646356572,5,0.05254180524673986,0.07873646878142701,0.21524536927438007,1.0,82.83015273064257,0.2466527161558064,24,0.8484527445346618,0.15154725546533823,FULL,24,77.042
MSME0120,1.0,0.2047890412056926,6,0.08466115385230565,0.14951386956374782,0.039518585262200465,0.9583333333333334,737.9120041693471,0.3906338100658213,24,0.8534089926180465,0.14659100738195352,FULL,24,40.625
MSME0121,1.0,0.43279307688029167,5,-0.12835983339623971,-0.07356226966537609,0.39757322223198466,0.5416666666666666,41.80399220604201,0.5274294985030759,23,0.6407197469118018,0.3592802530881981,FULL,24,215.333
MSME0122,1.0,0.20595225236518142,2,,,0.7728841980345288,1.0,12.640470209714646,0.33737158494191055,3,0.7837780946360489,0.21622190536395106,NOT_ASSESSABLE,4,173.75
MSME0123,1.0,0.44852572021829223,2,0.134958487266598,0.1406256908626378,0.19141358549228069,0.9583333333333334,99.27851821782318,0.1848281973699221,24,0.8629057032354471,0.13709429676455287,FULL,24,79.5
MSME0124,1.0,0.3002024383494874,7,-0.06352731958713624,-0.19079176440876588,0.8037733833850694,0.625,10.261413743264853,0.6746008792626038,24,0.7939418861609764,0.20605811383902362,FULL,24,42.625
MSME0125,1.0,0.3842191725295573,2,0.030610648740250386,0.023286760900645402,0.3490828602827179,0.7083333333333334,54.13091927180268,0.368887558017667,24,0.7350141803303042,0.2649858196696959,FULL,24,236.917
MSME0126,1.0,0.19891759738216153,7,0.05641894367008129,0.035432337753559716,0.6484665807924189,0.8333333333333334,15.51338303331664,0.3037812184907436,21,0.8054185509475418,0.19458144905245814,FULL,24,165.833
MSME0127,1.0,0.4415148246204696,1,0.08800561793815749,0.10035734574892924,0.20602213505994926,0.9583333333333334,84.00432829753028,0.20385404361938525,24,0.8416054847358017,0.1583945152641983,FULL,24,78.167
MSME0128,1.0,0.20864696467526073,8,0.19821885714360474,0.11691553208661956,0.132822490795809,0.4583333333333333,202.44102119257764,0.5363522334715466,24,0.6791066903376306,0.32089330966236945,FULL,24,37.458
MSME0129,1.0,0.360116032190965,3,0.15532506375474067,0.13245377262614458,0.44351232123474943,0.9166666666666666,42.272064696861506,0.6404945141307589,23,0.7506280877768025,0.24937191222319754,FULL,24,232.458
MSME0130,1.0,0.15407205270794333,6,0.18021030102515453,0.15385369939052762,0.562756116085239,0.9565217391304348,19.46638702553394,0.1207981869398474,24,0.8442074212438464,0.1557925787561536,FULL,24,165.917
MSME0131,1.0,0.4396021066669587,1,0.054988496948526464,0.05045177298645143,0.20866222145891478,0.75,93.00145966445929,0.19415634935919956,24,0.778892545561819,0.22110745443818103,FULL,24,79.833
MSME0132,0.9619047619047619,0.36554576879385225,14,-0.31032079028240833,-0.23736271632564776,0.21362927284737454,0.3333333333333333,141.8416385205795,0.822392342891666,23,0.5997335595856521,0.40026644041434795,FULL,24,30.958
MSME0133,1.0,0.5613887903418427,5,-0.2819265285610302,-0.3176343537780672,0.5012508125092567,0.43478260869565216,26.678605774769196,0.7462714008341326,19,0.5681572124541966,0.4318427875458034,FULL,24,193.083
MSME0134,1.0,0.18379833796032946,2,-0.04761065207899815,-0.004114067372624653,0.678056101684398,0.7916666666666666,12.742618597548656,0.3304905764826444,23,0.68428474341834,0.31571525658166005,FULL,24,165.458
MSME0135,1.0,0.419280682441872,2,0.21632765431990553,0.16284110513890257,0.2301630215123777,0.9166666666666666,84.21782717747317,0.44520477220367616,24,0.280275444262435,0.719724555737565,FULL,24,76.792
MSME0136,1.0,0.2096967395753202,6,0.10180731191349925,0.2039231725820447,0.05174710741448235,0.9583333333333334,527.282220407801,0.5149153904073827,24,0.8328606343340124,0.1671393656659877,FULL,24,40.167
MSME0137,1.0,0.40037089528121467,6,0.10185883226891854,0.039377191272372054,0.360747241543797,0.8260869565217391,55.809293553215234,0.6356426210015974,22,0.7501871591083663,0.2498128408916338,FULL,24,225.083
MSME0138,1.0,0.19441767934801243,2,-0.15338773961833183,-0.12067277033626457,0.7029812322428359,0.7083333333333334,12.831076984097221,0.4791878894143591,21,0.6097078203851418,0.3902921796148582,FULL,24,153.375
MSME0139,1.0,0.46386196601313423,8,0.07959162163082845,0.06416223730411912,0.24043762067926316,0.75,71.16718646923253,0.305727509102318,24,0.7641156790987642,0.23588432090123576,FULL,24,77.542
MSME0140,1.0,0.2819818480037141,9,-0.16833430705292138,-0.07447654349724016,0.22475256281270728,0.9166666666666666,107.62857682962662,0.5339103778714274,24,0.7658764604707046,0.23412353952929546,FULL,24,43.875
MSME0141,1.0,0.3945039276590318,8,0.092113805193564,0.015972677722670983,0.4009220972080375,0.9130434782608695,42.01458513307442,0.286913500823091,24,0.7506846918897055,0.24931530811029443,FULL,24,227.167
MSME0142,1.0,0.18830700660716954,1,0.11060449099011477,0.12451874885787154,0.5736453649350464,1.0,20.482712025203462,0.24833687559435136,23,0.8267266492244453,0.17327335077555472,FULL,24,171.875
MSME0143,1.0,0.424161173497946,4,0.11750330792058228,0.11428978168921852,0.20116897037641635,1.0,91.2252848361527,0.18028666176175437,24,0.8586050892916118,0.14139491070838814,FULL,24,77.75
MSME0144,0.9809523809523809,0.3002575715153976,14,0.11903052084058471,-0.03151434885263694,0.08716263467684834,0.25,323.90062544271063,0.6316439218406843,24,0.6419933740871582,0.35800662591284177,FULL,24,31.833
MSME0145,1.0,0.4404429155822279,4,0.10070501021862234,0.09092184738399567,0.4536917418084072,0.8333333333333334,35.30352400110028,0.6196447092113518,22,0.7482123806426356,0.2517876193573645,FULL,24,234.542
MSME0146,1.0,0.18298225024726528,1,0.07971417765785477,0.08239425561843682,0.6076717577944432,1.0,16.061186653897952,0.1523066579085978,24,0.8270616823538327,0.17293831764616735,FULL,24,166.958
MSME0147,0.9904761904761905,0.4278410340064217,7,-0.02615253837621618,0.007026037123303297,0.47056706627515327,0.9130434782608695,26.09464711869806,0.27853213082026695,24,0.8009566578352537,0.1990433421647463,FULL,24,77.167
MSME0148,1.0,0.17763887514253998,6,0.022003037470284554,0.09888693608306308,0.13174464304274908,0.9166666666666666,202.84548534524004,0.4660248827547323,24,0.7759819877550386,0.22401801224496143,FULL,24,40.833
MSME0149,1.0,0.4609454177426909,5,-0.016622504112258477,-0.10253578768563555,0.3803755492307472,0.5416666666666666,47.0266665118487,0.6559044561546703,22,0.6403000614093612,0.35969993859063876,FULL,24,211.333
MSME0150,1.0,0.17263887985511372,4,0.1936800725409696,0.1265805844957173,0.5972050514076496,0.9583333333333334,17.8073779310891,0.2685363959245937,23,0.741208974196152,0.25879102580384805,FULL,24,165.75
MSME0151,1.0,0.47119639286501613,5,0.05054539861038111,0.022492544021351174,0.267981881887018,0.625,67.24465102343629,0.567376591288272,22,0.6571971704591787,0.34280282954082125,FULL,24,72.083
MSME0152,0.9904761904761905,0.22629509788411867,8,0.2025923985370273,0.22878074673448814,0.0648983886720727,0.9583333333333334,417.1866734314456,0.3638511555007695,24,0.821671262558119,0.17832873744188105,FULL,24,40.0
MSME0153,1.0,0.3554848211169693,5,0.04896806710737858,0.09118855241214438,0.32627137009145873,0.9583333333333334,61.68388745566461,0.3996021469772634,24,0.8306866639342286,0.16931333606577134,FULL,24,243.0
MSME0154,1.0,0.16484125566504693,1,0.10087654827076521,0.11774210264787047,0.5846729762035494,0.9583333333333334,20.352375707097316,0.1846155418070774,24,0.8125291576949699,0.18747084230503006,FULL,24,167.042
MSME0155,1.0,0.41978243851493663,7,-0.024270624489744666,0.03724788337868455,0.3687506816332318,0.7916666666666666,39.54319817356275,0.36823770980731196,24,0.8086995895189159,0.19130041048108415,FULL,24,76.167
MSME0156,1.0,0.1784889605650355,6,-0.0017344068648392664,0.02375711073362193,0.06577547819773451,0.7083333333333334,459.9610237490547,0.3153729362425014,24,0.7773652607197354,0.22263473928026462,FULL,24,40.042
MSME0157,1.0,0.3953945976613995,1,0.1322188502661192,0.12800834238797973,0.3180477216830755,0.9166666666666666,61.85584180812327,0.40370265936393607,24,0.8277391695907849,0.1722608304092151,FULL,24,238.208
MSME0158,1.0,0.2430954267037289,3,-0.10722703563572376,-0.07151829531648124,0.7050593610575305,0.5416666666666666,12.627790947556543,0.6645606960189353,18,0.5934226847419846,0.4065773152580155,FULL,24,154.167
MSME0159,1.0,0.45002517935192055,2,0.057525543619625086,0.02547984499184076,0.37063335751797655,0.625,40.36963023419369,0.399524026246056,24,0.7430646532402633,0.2569353467597367,FULL,24,79.25
MSME0160,1.0,0.21273144489033693,7,0.1007409027785773,0.1256965258783795,0.06621467809189001,1.0,426.02631739267014,0.29274209986940314,24,0.8556719510354651,0.14432804896453488,FULL,24,40.417
MSME0161,1.0,0.3576349595336589,4,-0.025107288108213208,0.0038876537820806845,0.3690460901682971,0.875,50.71794595805315,0.4467215691401764,24,0.7319984773039176,0.26800152269608224,FULL,24,231.833
MSME0162,1.0,0.1900622848970478,3,-0.03440075376730996,-0.06090633169965574,0.6745166373610517,0.9166666666666666,13.142541287122135,0.16482886436904398,19,0.5974154052673859,0.40258459473261415,FULL,24,149.792
MSME0163,1.0,0.4581398005748992,4,0.07575805822471023,0.06965097387839772,0.22436231058782152,0.875,78.01330557664112,0.5384910397595042,23,0.7652797079533917,0.23472029204660827,FULL,24,75.333
MSME0164,0.9904761904761905,0.16348534797947964,13,0.031907326681101106,0.04286061299772927,0.07403465577220676,0.9166666666666666,370.6968927464575,0.19155632210762102,24,0.780845310294502,0.21915468970549812,FULL,24,38.458
MSME0165,1.0,0.3827582471254808,1,0.16211399787242983,0.13850822361256002,0.3294095287042993,0.9583333333333334,56.84908465407513,0.36921969943234756,24,0.8323143712571909,0.16768562874280915,FULL,24,236.875
MSME0166,1.0,0.3066469523318437,4,-0.2532398783303535,-0.18945009424827033,0.8797301249562781,0.20833333333333334,4.586438318050043,0.694667120843307,11,0.5763403704851702,0.4236596295148299,FULL,24,134.958
MSME0167,1.0,0.38568680237672803,8,-0.021750386625107546,-0.03425385068130648,0.2358008588794246,0.5833333333333334,86.50558406867337,0.46616229286469263,24,0.25259055301190975,0.7474094469880902,FULL,24,69.417
MSME0168,1.0,0.2642901136662543,8,0.1018455473293852,-0.0021167167237870006,0.8175227139999578,0.625,6.19893183570091,0.546306519410144,24,0.772572373052229,0.2274276269477708,FULL,24,39.208
MSME0169,1.0,0.3773263834565577,8,-0.013778127679814995,-0.03583431761106638,0.3570603707531363,0.6521739130434783,52.761598804588495,0.7240786273636407,23,0.7388797512454615,0.2611202487545385,FULL,24,231.792
MSME0170,1.0,0.16888560299902816,7,-0.1621759721594354,-0.13827294803811657,0.6738869248265721,0.5833333333333334,15.996298786938835,0.3901189161725677,19,0.6304825128830043,0.3695174871169958,FULL,24,149.917
MSME0171,1.0,0.4555572362965532,1,0.02878670272199501,0.019658989788505193,0.21354375381765311,0.9583333333333334,89.56899913097745,0.24231443928850752,24,0.780162343399168,0.21983765660083196,FULL,24,76.792
MSME0172,1.0,0.22583135330899878,6,-0.0379960611660763,0.08291588393921652,1.0412575765131493,0.5416666666666666,0.3063653502883572,0.45892444689571454,24,0.8009207417683462,0.19907925823165384,FULL,24,42.958
MSME0173,1.0,0.35841475675770845,6,-0.04387823894318487,-0.04411152896062439,0.3729360628124015,0.7916666666666666,48.12702703274438,0.32853794843297124,24,0.7344499650575582,0.26555003494244184,FULL,24,239.708
MSME0174,1.0,0.17591208092978,6,0.1357063634821305,0.1518497165448866,0.5855662881409573,0.9166666666666666,20.669000497173794,0.23438002460161847,24,0.8237649802210171,0.17623501977898293,FULL,24,167.125
MSME0175,1.0,0.43019528842630156,4,0.08395882674984716,0.1005921826323851,0.22725503875504421,0.9583333333333334,74.1950310213687,0.17790220732289913,24,0.8454868670792947,0.1545131329207054,FULL,24,78.042
MSME0176,1.0,0.19395589760160664,7,0.042704031771393466,0.0005776433754710212,0.07217286353527605,0.8333333333333334,399.76364062126123,0.4021397625952183,24,0.7708879514702448,0.22911204852975517,FULL,24,40.5
MSME0177,1.0,0.4548455757475936,5,-0.21196783366938665,-0.03985018066119583,1.1175588566016155,0.25,-2.49169794740036,0.7287094797489724,18,0.6914096541301255,0.30859034586987455,FULL,24,195.25
MSME0178,1.0,0.17747080866593068,3,0.14436310179291795,0.14252678244924225,0.650154911420304,0.9583333333333334,14.903348376625981,0.19127997335264482,24,0.8234896657281986,0.17651033427180135,FULL,24,174.875
MSME0179,1.0,0.4530305014054679,2,0.11813555792331079,0.11632365960638438,0.3347060092411926,0.875,41.68562277459693,0.15041449025781467,24,0.8579632675948131,0.14203673240518686,FULL,24,82.208
MSME0180,0.9904761904761905,0.23680762035081085,14,0.2583604950453149,0.19510546189812406,0.40890907261337356,0.9583333333333334,39.23397168538617,0.5259395676949012,24,0.8949632054838254,0.10503679451617468,FULL,24,44.958
MSME0181,1.0,0.40116435473053863,5,0.14936549159877185,0.14395272649474666,0.3396950520466944,0.9166666666666666,57.173011281620404,0.401264313823892,24,0.8393310911743367,0.16066890882566337,FULL,24,237.167
MSME0182,0.9904761904761905,0.17864473942609269,8,0.048029308876717386,0.05382085041578251,0.6003686635069484,0.8333333333333334,19.487262013408024,0.2770411395093727,23,0.7218329252065807,0.27816707479341923,FULL,24,164.167
MSME0183,1.0,0.4587899132905599,4,0.0076299070522054075,0.022035456106058903,0.2266063099714969,0.875,76.62588946621378,0.17285203572269545,24,0.7663602909622956,0.23363970903770442,FULL,24,77.875
MSME0184,1.0,0.18159731282388655,7,0.0560656425646398,0.05572308577364344,0.06115557109044087,0.9166666666666666,475.60271847646635,0.35691383447410435,24,0.8337605914185138,0.16623940858148617,FULL,24,40.042
MSME0185,1.0,0.37947061407497007,1,0.1489786942398411,0.13724151238158577,0.5615916315888823,0.9583333333333334,22.34202462756236,0.3856791757237162,24,0.3799867565493835,0.6200132434506166,FULL,24,240.583
MSME0186,1.0,0.1490962376969436,2,0.05315590155779121,0.014920847039651155,0.6123458136230624,0.8333333333333334,17.676897068616213,0.15878056242600017,24,0.6558622166224842,0.34413778337751577,FULL,24,163.5
MSME0187,1.0,0.42838934200493284,1,0.12239478852674653,0.121898230307031,0.19555160312928943,1.0,94.29039759576195,0.15167312478144082,24,0.8389702475229448,0.16102975247705514,FULL,24,79.167
MSME0188,0.9809523809523809,0.3763496335737743,12,0.28740525690681895,0.07617625929133985,0.17040356305852564,0.375,133.20834956935357,0.7368020497108723,24,0.6515038976450782,0.34849610235492184,FULL,24,29.167
MSME0189,1.0,0.351813674431076,7,0.28110537268193553,0.14099610188721481,0.5768861934712654,0.875,24.554069459532585,0.5075452849778176,23,0.3611759837543828,0.6388240162456171,FULL,24,233.083
MSME0190,1.0,0.19855792397661368,4,0.10587619681381355,0.1079367034887109,0.5772289008873628,0.9583333333333334,19.01698208145225,0.2415653804565675,24,0.7940717926045677,0.2059282073954323,FULL,24,169.083
MSME0191,1.0,0.44374327427322907,2,0.05103834876404561,0.07305253981531842,0.21893702410848856,0.875,82.3320512741784,0.19656311732944032,24,0.7398312348905787,0.2601687651094213,FULL,24,75.708
MSME0192,1.0,0.14979736311658431,6,0.08373103521726595,0.012374837709912233,0.22973309275967713,1.0,101.39728918045542,0.24343166951476064,24,0.8448641873367139,0.15513581266328622,FULL,24,45.75
MSME0193,1.0,0.3975726650216526,8,0.13423779389425844,0.09734688928411397,0.5426071383697545,1.0,23.217199680325013,0.48144172511757766,24,0.8560987876679816,0.1439012123320184,FULL,24,241.167
MSME0194,1.0,0.21587489415784902,2,-0.09773175003087141,-0.06956474348964876,0.636469334503193,0.9166666666666666,16.874680749004607,0.40733460397547117,22,0.708677531218954,0.29132246878104606,FULL,24,162.667
MSME0195,1.0,0.39485512015390195,9,0.11002251222257804,0.030902870574246625,0.26578514749723325,0.5833333333333334,70.73882685360527,0.48046362347190186,23,0.6723422197425251,0.32765778025747494,FULL,24,71.25
MSME0196,1.0,0.19286594681294,7,-0.026372451003666877,0.008896949949385634,0.07883131722184557,0.7916666666666666,365.0488385457888,0.4901275843306285,24,0.7784206758918761,0.22157932410812387,FULL,24,37.875
MSME0197,1.0,0.3558776011663871,7,0.09256934181197192,0.01873514535681718,0.35706570569628177,0.7391304347826086,55.0413181331612,0.3792683518611902,24,0.7483177920421025,0.2516822079578975,FULL,24,231.792
MSME0198,1.0,0.19824318600104798,2,0.09620128283956522,0.08180474294392402,0.7004832984027505,0.75,12.202679846872362,0.48470784462075467,23,0.7581838884926049,0.24181611150739515,FULL,24,172.917
MSME0199,1.0,0.44691083178705276,8,0.17823012043989914,0.14743720975997657,0.19007640460790423,0.9565217391304348,101.23110888361543,0.19559430774090827,24,0.8487173165134084,0.15128268348659155,FULL,24,77.5
MSME0200,1.0,0.24542649975357603,6,0.32919253471160304,0.28837615712740944,0.05147860282914162,1.0,532.4019964456381,0.42824454177560906,24,0.8459015267367677,0.15409847326323228,FULL,24,40.542
MSME0201,1.0,0.3812634211895085,9,0.20705979841354666,0.16328621824188727,0.618859418425147,0.8260869565217391,16.846727371057593,0.664741520364392,23,0.7847188708434604,0.21528112915653957,FULL,24,232.917
MSME0202,1.0,0.35318454395163723,9,-0.07835268298615175,-0.149026127339632,0.9302189368304074,0.20833333333333334,2.4566122893665754,0.7136732062840815,11,0.6197115407214628,0.3802884592785372,FULL,24,127.5
MSME0203,1.0,0.4548361045587446,1,0.14571465161880148,0.14007580436893935,0.1920708715326213,1.0,92.84730253931382,0.2288708125123458,24,0.8510070295300989,0.14899297046990115,FULL,24,78.458
MSME0204,1.0,0.2489871521857187,6,-0.058234482308245565,-0.05412163617587127,0.6830662888817985,0.375,14.678477320176007,0.5766558035139535,24,0.796253338961184,0.20374666103881603,FULL,24,41.75
MSME0205,1.0,0.4396330815804527,4,-0.1390299144688037,-0.1366267587940975,0.4586094929431135,0.7916666666666666,32.500371657295574,0.7278918865815371,22,0.6411704461386448,0.35882955386135523,FULL,24,217.833
MSME0206,1.0,0.1646744383410504,8,0.08174411519503565,0.05772576559101111,0.686678630502597,0.9583333333333334,14.388416725641283,0.31087327358012584,21,0.7548706451936,0.24512935480640002,FULL,24,165.25
MSME0207,1.0,0.5081810188059374,4,-0.11977241466348647,-0.23964757699069955,0.7230474609575034,0.3333333333333333,7.913837279122203,0.7407972458117608,21,0.6962875853299958,0.3037124146700042,FULL,24,64.542
MSME0208,0.9904761904761905,0.22818006434956997,8,0.17911033328889586,0.048609681646443866,0.09932874782245157,0.9166666666666666,290.7386705313865,0.374946069778349,24,0.765257620839801,0.234742379160199,FULL,24,36.667
MSME0209,1.0,0.3866738559060109,6,0.08310153430665711,0.10138896985355515,0.33594965877678806,0.875,56.46212141295564,0.38703521155949777,24,0.8350439524351277,0.16495604756487214,FULL,24,238.375
MSME0210,1.0,0.17569771958358876,1,0.13036570212494156,0.13887407339908356,0.628790194943748,0.9166666666666666,15.816480327985092,0.17721860217714655,24,0.3136863695532023,0.6863136304467977,FULL,24,172.5
MSME0211,1.0,0.44714071831852553,2,0.02213235442354237,0.05361600962186489,0.28528860911077975,0.875,60.527014857300095,0.31587940542081616,24,0.7712969689407417,0.22870303105925835,FULL,24,81.708
MSME0212,1.0,0.1853373625803445,9,0.09728307359719618,0.02501347650854828,0.07387279935361196,0.8333333333333334,375.62486064384666,0.3866619529997464,24,0.7706840460811808,0.2293159539188192,FULL,24,38.125
MSME0213,1.0,0.40037958537854246,5,0.101084165408459,0.1296729535215386,0.3155644771969917,0.9565217391304348,61.91354445785083,0.41988147179475716,24,0.833298276980101,0.16670172301989902,FULL,24,238.458
MSME0214,1.0,0.184182378337786,1,0.13162077203645206,0.12161228718721154,0.5725623182308027,0.9166666666666666,19.325952565254877,0.1417534261490765,24,0.7948724154145187,0.20512758458548125,FULL,24,172.583
MSME0215,1.0,0.4193582976082683,2,-0.2294774370630121,-0.18181673220654498,0.24821418078401858,0.5,70.46155231465988,0.443369766862706,24,0.6641434673320492,0.33585653266795074,FULL,24,72.375
MSME0216,1.0,0.1929508653106019,7,0.13359444559056655,0.12320099026615854,0.12469087371119864,0.9166666666666666,216.15710485131672,0.2635853883737932,24,0.8234880986241507,0.17651190137584938,FULL,24,42.083
MSME0217,1.0,0.45558698533924297,8,-0.3302559259183332,-0.2903090600165981,0.5005847761476737,0.4166666666666667,28.389018490773637,0.6167378140712017,18,0.5907006517220316,0.40929934827796843,FULL,24,185.667
MSME0218,1.0,0.17590075521786078,6,0.15214671641838867,0.161910476751987,0.5715662257789432,0.8695652173913043,20.148717106328945,0.26844244214219753,24,0.806527517461926,0.193472482538074,FULL,24,170.0
MSME0219,1.0,0.4370364644531637,2,-0.014753606913921065,-0.009962986287784057,0.2268054740918593,1.0,78.55070152367217,0.1531764700743253,24,0.7408620150685571,0.25913798493144286,FULL,24,76.833
MSME0220,0.9904761904761905,0.24724533933077739,6,-0.05475076526530514,0.055769345006145936,0.06895825878863475,0.7916666666666666,388.4121893015993,0.3214486084764441,24,0.7574724365305832,0.24252756346941692,FULL,24,39.833
MSME0221,1.0,0.3916101420880929,1,0.015642028217084592,0.039804588847224265,0.34436632145101376,0.9166666666666666,55.907277304128115,0.5377602779062823,23,0.7527236571455586,0.2472763428544414,FULL,24,235.833
MSME0222,1.0,0.2497780802924481,3,-0.1761577312387757,-0.14122479435073024,0.688658742034069,0.625,14.070401844837146,0.5471046999420919,18,0.6549249873974612,0.3450750126025388,FULL,24,152.25
MSME0223,0.9904761904761905,0.3187529530221006,8,-0.05488532776268435,-0.04481050603136418,0.3720149188013807,0.4583333333333333,51.261889313279205,0.6724160181336044,22,0.6010786664822799,0.39892133351772,FULL,24,62.5
MSME0224,1.0,0.22823407406460267,5,0.3179026025481044,0.1836375575358605,0.47416649351485834,0.9166666666666666,35.55464675358196,0.6516557404374257,24,0.8942668111531735,0.10573318884682653,FULL,24,43.542
MSME0225,1.0,0.3618250874575772,2,0.0956822187499148,0.05536232207903833,0.3479601488532328,0.625,54.112522385654295,0.4265355813025038,24,0.7399774016737424,0.26002259832625757,FULL,24,232.792
MSME0226,1.0,0.20408836027444854,5,-0.1572620529351145,-0.17571597222226776,0.7111579063601374,0.6666666666666666,12.336986672124281,0.5359488003031089,18,0.7043911167280252,0.2956088832719748,FULL,24,150.792
MSME0227,1.0,0.4579857525686997,1,0.12406889031032625,0.12347007507195418,0.18270587427114193,0.9583333333333334,98.0860321185091,0.16123734831566347,24,0.8699522243008785,0.13004777569912143,FULL,24,78.25
MSME0228,1.0,0.2960987349578051,6,-0.09966608525390608,-0.09625436036200768,0.10135115989978652,0.6666666666666666,284.2900821063712,0.6072126858580572,24,0.6726082536372472,0.3273917463627528,FULL,24,35.625
MSME0229,1.0,0.4504970351500732,4,-0.13935231711830132,,0.6616550491913468,0.6363636363636364,12.009620047781357,0.6508318500578721,10,0.6953281234616138,0.3046718765383863,LOW_CONFIDENCE,11,216.364
MSME0230,1.0,0.18392210052400612,2,0.140627727623616,0.09828231962310625,0.6621551375105545,0.9583333333333334,13.402837234715427,0.2119169516891198,22,0.8420249747656668,0.15797502523433307,FULL,24,172.083
MSME0231,1.0,0.4431381777825743,5,0.0580056647242947,0.0646505275410359,0.21378683727071998,1.0,89.3568457374864,0.311889994350021,24,0.7454745527026128,0.25452544729738724,FULL,24,78.25
MSME0232,1.0,0.24311654524156612,8,-0.049953662148308535,-0.08366506525289688,0.716523411293619,0.782608695652174,10.339340804974134,0.3845011294528836,24,0.8553747650147997,0.14462523498520027,FULL,24,43.792
MSME0233,1.0,0.3889735632597214,6,0.41805461407532035,0.2223330116131299,0.4364682122449053,0.5,33.726053648385516,0.6051047085629101,23,0.6414943703488433,0.35850562965115684,FULL,24,210.75
MSME0234,1.0,0.3270682419225821,5,-0.20262051855037375,-0.21676001878427031,0.8391519189257948,0.25,9.61516051966022,0.7487493410441195,15,0.5554194508115539,0.44458054918844625,FULL,24,137.167
MSME0235,1.0,0.4960855053567339,6,0.08014744445929145,0.04993164748126468,0.25696951526320827,0.7083333333333334,71.43336517922604,0.5163866640410022,23,0.7892361062166333,0.2107638937833666,FULL,24,75.125
MSME0236,0.9904761904761905,0.18971783735501274,8,-0.07508450927463299,-0.0011636128433257732,0.25649940164846824,0.75,86.24146023650509,0.3954556232369894,24,0.7992504156205801,0.20074958437941987,FULL,24,42.958
MSME0237,1.0,0.5050988578839151,4,-0.3966107845237472,-0.22169187048968766,0.5279219559341077,0.16666666666666666,25.84230984874854,0.6966182575967921,18,0.5884449899114682,0.4115550100885318,FULL,24,191.375
MSME0238,1.0,0.18149247337041632,1,0.14862859054334862,0.15273546808548918,0.5917521072887595,1.0,19.562662472193043,0.2900705364469097,24,0.7956489744372587,0.20435102556274135,FULL,24,169.833
MSME0239,1.0,0.46721996217201106,8,-0.1512035907444116,-0.18714552502801743,0.3569481407728257,0.6521739130434783,41.37258635660581,0.5582982533084275,23,0.6898316636828569,0.3101683363171432,FULL,24,73.875
MSME0240,1.0,0.36298733024870244,10,-0.13899512276511328,-0.2962905249221781,0.1347634254455716,0.3333333333333333,224.34440375203167,0.7209098564716602,24,0.6483960663376238,0.35160393366237624,FULL,24,32.5
MSME0241,1.0,0.3692457084692083,6,-0.06749174525113558,-0.03948170666080481,0.5535803146073481,0.8333333333333334,23.704610608664417,0.5080996805229447,23,0.7701038471847403,0.22989615281525966,FULL,24,234.458
MSME0242,1.0,0.18555271014495342,1,0.14674272643668337,0.13559404088887786,0.6191417946369152,0.9583333333333334,17.014264933800312,0.1689857845401506,24,0.8492633908273469,0.15073660917265308,FULL,24,173.375
MSME0243,1.0,0.4207215922968041,2,0.03236993235561216,0.03187556809755392,0.21489510550588095,0.875,87.80073711294234,0.2428952247837419,24,0.7690065616182503,0.2309934383817497,FULL,24,76.625
MSME0244,0.9714285714285714,0.35744417077823476,10,-0.2910238205859353,-0.2780552366377898,0.1441600094899991,0.25,170.73695355263268,0.7614597602760209,24,0.5890748429041377,0.41092515709586225,FULL,24,32.042
MSME0245,1.0,0.41830377266300495,6,0.10426026893803095,0.09067896265870751,0.7066580025091773,0.5833333333333334,13.102338213284236,0.4995682180962612,21,0.6964777211714216,0.3035222788285784,FULL,24,217.792
MSME0246,1.0,0.1780387230641069,1,-0.08523839776872359,,0.5970596036872927,0.8888888888888888,19.047563307624564,0.46625163767334676,7,0.7591265285817514,0.24087347141824858,LOW_CONFIDENCE,9,162.0
MSME0247,1.0,0.42459437886921075,1,0.19119803740271707,0.17342404979882972,0.21518371903554226,1.0,84.83458936625706,0.22724102837954194,24,0.8423686932879023,0.15763130671209774,FULL,24,79.875
MSME0248,1.0,0.2023403347302768,7,-0.040010549554486054,-0.04564899395288004,0.06942111500061993,0.7916666666666666,434.49973491069153,0.3973608405149227,24,0.7706851171404951,0.22931488285950483,FULL,24,39.625
MSME0249,0.9904761904761905,0.5411239308457038,10,-0.28924645457068177,-0.2602127488125923,0.47906943700656496,0.3333333333333333,34.8086157320823,0.7558970519889069,18,0.5897272274210219,0.4102727725789781,FULL,24,184.708
MSME0250,1.0,0.18256668848888094,1,0.1557229180529281,0.15381586059546914,0.5522012272757105,0.9583333333333334,21.692118856804985,0.1703010418475514,24,0.8031756704876114,0.19682432951238862,FULL,24,171.917
MSME0251,1.0,0.45330150768098615,1,0.1709716104569211,0.14042545483981575,0.19511593418797493,1.0,94.16630188275398,0.17188272513735636,24,0.8246285937199874,0.1753714062800126,FULL,24,80.792
MSME0252,1.0,0.3033946716877598,7,-0.26899803141312884,-0.19354436312751538,0.5139790433205498,0.25,33.398488662322414,0.5673203462717622,24,0.7062418711044413,0.29375812889555886,FULL,24,36.667
MSME0253,1.0,0.39173393516820315,3,0.07775729822416752,-0.06583429744529251,0.3897922754422947,0.6666666666666666,46.296052844463006,0.5160906648052075,23,0.6574327278331759,0.34256727216682414,FULL,24,220.125
MSME0254,1.0,0.29484430963353403,2,-0.0082220529822765,0.02667329400717417,0.7873554593950439,0.7083333333333334,13.468411212786753,0.6735637506045972,16,0.6321360851860778,0.3678639148139223,FULL,24,152.917
MSME0255,0.9904761904761905,0.49401282554082576,8,0.1744041271040219,0.18426635247830442,0.19341815212208321,1.0,101.00094862937745,0.4843202214199096,24,0.8789283591822556,0.1210716408177443,FULL,24,77.375
MSME0256,1.0,0.17485611374584034,6,0.15751028549739585,0.12086203703989283,0.06441892464395711,0.9583333333333334,421.3271946961178,0.23788712040777188,24,0.7577756012355888,0.24222439876441115,FULL,24,40.0
MSME0257,1.0,0.43835340620252844,2,0.002101379063286117,0.045980249616147884,0.37682713068032325,0.8333333333333334,45.42820774727216,0.6741323286755545,23,0.7482679682957696,0.2517320317042304,FULL,24,233.167
MSME0258,1.0,0.19438913073890668,8,0.1612430140576296,0.11358732828836345,0.6001003703622405,1.0,17.51729965615169,0.24027010631502943,23,0.8567928782214397,0.14320712177856035,FULL,24,169.458
MSME0259,1.0,0.4297867404216108,3,0.03963399007325498,0.051983308909888434,0.20850955679565666,0.875,89.43221693338022,0.1888112434213022,24,0.7476931295445483,0.25230687045545186,FULL,24,77.917
MSME0260,1.0,0.18591240403314346,9,0.020884136343727634,0.08369423284208807,0.04023033422795216,1.0,720.0684747296775,0.3887635866370752,24,0.3170005882604598,0.6829994117395402,FULL,24,40.167
MSME0261,1.0,0.4879413543515489,7,0.042489617450153526,-0.030011127546292177,0.4990489022441817,0.30434782608695654,25.833012129953076,0.6562990381589422,19,0.5726100422008391,0.427389957799161,FULL,24,190.917
MSME0262,1.0,0.27987511685703975,3,-0.10709749476382939,-0.12228625401940338,0.7191369937445208,0.7916666666666666,12.901689688224707,0.6910637395768101,17,0.6424653982996382,0.35753460170036183,FULL,24,150.833
MSME0263,1.0,0.45482474704402215,2,0.1150287423778849,0.11402623767660361,0.2045380436705736,0.9583333333333334,87.9515415527507,0.17766166103280384,24,0.8550627985413187,0.14493720145868125,FULL,24,78.292
MSME0264,0.9904761904761905,0.238782537898396,8,0.06826998547024338,-0.003651819270974998,0.06993595843659532,0.9583333333333334,396.27904287269456,0.26972862690977883,24,0.8398208790811775,0.16017912091882253,FULL,24,41.375
MSME0265,1.0,0.4154015869947757,2,0.016882053890145687,0.024098522851298817,0.6008910650972971,0.9166666666666666,18.471769762558626,0.5409173355994218,23,0.778118595384317,0.22188140461568293,FULL,24,234.042
MSME0266,1.0,0.1759551018801944,3,-0.05774091586750007,-0.0776728138000542,0.7095607987119175,0.5833333333333334,10.497101961487541,0.14644420526547067,24,0.635768606816909,0.36423139318309083,FULL,24,157.583
MSME0267,1.0,0.4178091758875356,1,0.059699211504305336,0.05525244930717381,0.34048442995415706,0.7916666666666666,43.15026840709436,0.20942260430545995,24,0.7744477710907218,0.22555222890927812,FULL,24,80.417
MSME0268,1.0,0.19845998739551207,9,-0.07323050937831899,-0.0346163275222771,0.5613232414362344,0.9166666666666666,25.45531424566049,0.31155026885135323,24,0.885753204015233,0.11424679598476693,FULL,24,42.875
MSME0269,1.0,0.3798794781319267,8,-0.0695480992044707,-0.09552860368666254,0.40775680727566394,0.5833333333333334,42.476377569101466,0.6601306400347429,22,0.6360881139133525,0.3639118860866475,FULL,24,210.5
MSME0270,1.0,0.16667023137251624,2,0.04565950117029897,0.04781438476620776,0.6047520934460945,0.9166666666666666,18.96712375184389,0.14012716639800554,24,0.7972389200583103,0.2027610799416897,FULL,24,166.0
MSME0271,1.0,0.4446647686418827,1,0.15009828569890504,0.1319696809276743,0.20603111379450595,1.0,94.2416706999051,0.16476196231573578,24,0.8352677300975863,0.16473226990241369,FULL,24,80.167
MSME0272,1.0,0.40407833749412086,10,-0.06007718983917136,-0.03984493878475587,0.1971599637056449,0.4583333333333333,146.15815618707623,0.735553322548812,24,0.624031144909191,0.37596885509080896,FULL,24,33.333
MSME0273,0.9904761904761905,0.4644040237120727,7,0.18692618291802623,0.14659862528785697,0.3690727592416666,0.8333333333333334,46.16306422264837,0.4735256506226645,22,0.7529585446479997,0.24704145535200034,FULL,24,228.417
MSME0274,1.0,0.18537811036902035,1,0.04483817838909463,0.03472558169059551,0.6860921427485761,0.8333333333333334,12.568835942641726,0.22857055250945787,22,0.6943257509118589,0.305674249088141,FULL,24,166.333
MSME0275,1.0,0.44937003894775734,1,0.1167393551527244,0.12432490835405358,0.18877868392668506,0.9583333333333334,100.59731750616146,0.21738637860487223,24,0.8462032879474689,0.15379671205253112,FULL,24,78.625
MSME0276,0.9904761904761905,0.39768172522410133,11,-0.298988367455188,-0.22922888009007325,0.14830731178263654,0.25,172.19085694042596,0.6676897177060603,24,0.6142076680409343,0.38579233195906576,FULL,24,30.917
MSME0277,1.0,0.42520204814272644,3,0.21620018590807416,0.04051072087974619,0.7016811435382142,0.5,11.014806764578692,0.6701403969856002,18,0.633094032917716,0.366905967082284,FULL,24,201.0
MSME0278,1.0,0.14162912882034784,2,0.08074929019670835,0.033966385942010006,0.6065763240048747,0.875,17.964589232123608,0.12218743086491177,23,0.7413799249928574,0.2586200750071426,FULL,24,168.0
MSME0279,1.0,0.3550427222635753,2,-0.042264996568545626,-0.04804736689586671,0.5574748055295209,0.5833333333333334,17.356413725511754,0.41392843359772435,24,0.7226268200235935,0.2773731799764064,FULL,24,76.667
MSME0280,1.0,0.22203168885154834,8,-0.03337192411450544,0.011378937497283529,0.07386070548190792,0.9166666666666666,390.7114952715254,0.4337882911180175,24,0.7782714734648567,0.22172852653514338,FULL,24,40.167
MSME0281,1.0,0.4024201508678744,1,0.07740567676898188,0.09229786438538191,0.3363383389661099,1.0,56.91803725988535,0.33728776233681024,24,0.8441607287684407,0.1558392712315592,FULL,24,243.0
MSME0282,1.0,0.18793002888379706,3,0.10433850794277977,0.060030781878179285,0.627035149345369,1.0,17.42134767892706,0.18128632047393842,21,0.6801495027246055,0.31985049727539455,FULL,24,162.75
MSME0283,1.0,0.4065125669227599,4,-0.022766497764380972,-0.025829192411656057,0.2253268025019849,0.875,80.63859235499793,0.3114065578067403,24,0.7322252284865542,0.2677747715134458,FULL,24,78.125
MSME0284,1.0,0.25241641728477465,6,-0.05615927467390784,-0.062240782847678984,0.09061311996021432,0.9166666666666666,318.2730732310197,0.5264355540873602,24,0.7687219971856876,0.23127800281431254,FULL,24,38.792
MSME0285,1.0,0.42112225962634203,6,0.058063885110703095,0.09421928394042288,0.37272432607254746,0.9583333333333334,51.11983015483449,0.5950004717118098,23,0.7557862131036186,0.24421378689638146,FULL,24,231.583
MSME0286,1.0,0.16238248167181193,1,0.11093937777737525,0.1261972790222689,0.5861548560105364,1.0,19.556152647135608,0.1633243548324701,24,0.8336734287580043,0.16632657124199574,FULL,24,169.917
MSME0287,0.9904761904761905,0.47246336659851534,8,0.1359139048018223,0.16371556038736904,0.2712801317976252,0.9583333333333334,59.46776088820386,0.3601084774176937,24,0.8545243754398049,0.1454756245601952,FULL,24,81.083
MSME0288,1.0,0.1787845686870122,7,-0.04844594735726414,0.011395066713545851,0.05562717588504656,0.9583333333333334,522.0512733004985,0.36072054979450474,24,0.8434376842360153,0.15656231576398463,FULL,24,39.5
MSME0289,1.0,0.3834457078857849,2,-0.02236897862538853,0.025769472367225935,0.3663220580982943,0.9583333333333334,51.28637865186262,0.4950822772839035,23,0.7457127750236741,0.25428722497632594,FULL,24,232.042
MSME0290,1.0,0.18193308517064483,2,0.06300848120873259,0.028576130249630013,0.598711940256155,0.7916666666666666,19.221637109228528,0.4367312175031599,22,0.7495150997303329,0.2504849002696671,FULL,24,165.958
MSME0291,1.0,0.4509787977365338,1,0.12535593969298672,0.12752780049554774,0.2141046156614057,0.9583333333333334,83.68404894712928,0.20598219542393842,24,0.8309110087079162,0.16908899129208382,FULL,24,81.25
MSME0292,1.0,0.19546023067001111,7,0.0498304209598018,0.07371576418069563,0.03839140232308085,1.0,763.3106094710046,0.3510302038779092,24,0.861445295740617,0.138554704259383,FULL,24,39.708
MSME0293,1.0,0.6421720373657294,8,-0.1637819362124024,-0.05142183332218702,0.630816604911178,0.4166666666666667,15.917876850081706,0.7917102317827872,15,0.5443354709176058,0.4556645290823943,FULL,24,186.458
MSME0294,1.0,0.18232865590782263,2,0.16049027057466025,0.15533774742200493,0.5719204245173298,1.0,20.982468395662725,0.18997238244003062,24,0.789757536287327,0.21024246371267297,FULL,24,171.5
MSME0295,1.0,0.48289938803658145,1,-0.011331494494680952,,0.23577968409724281,0.7272727272727273,86.18925598177113,0.3675874994743302,11,0.8669507563375243,0.13304924366247575,LOW_CONFIDENCE,11,79.727
MSME0296,1.0,0.1934982384608184,8,0.04097155973166598,0.09162206421272787,0.05961408800312367,1.0,460.48833882213665,0.28582289484014717,24,0.7848733627929759,0.21512663720702413,FULL,24,38.458
MSME0297,1.0,0.42081916565059474,6,-0.08582033334945892,-0.13411922578207883,0.4551523602282633,0.625,34.98949442815926,0.7054276794009545,22,0.6781028504910704,0.32189714950892956,FULL,24,214.958
MSME0298,1.0,0.15736996663167732,2,0.11052827489745665,0.06678956301146968,0.5983590306350384,0.9166666666666666,19.755932686802957,0.24717734994392257,23,0.7421243238606527,0.25787567613934725,FULL,24,167.333
MSME0299,1.0,0.43971777078172863,7,0.1972338028790492,0.16819754497809303,0.3848366963329066,1.0,37.052665690647295,0.20823526966748254,24,0.8614193448111886,0.13858065518881132,FULL,24,80.667
MSME0300,0.9904761904761905,0.2902103151558887,9,0.28873724182755955,0.054313387956189965,0.15624210776042594,0.21739130434782608,191.43636341848563,0.674378079942269,24,0.6256474870316178,0.3743525129683823,FULL,24,31.083
MSME0301,1.0,0.3388682968560209,3,0.0454954786392417,-0.023778967557007067,0.45950223917760014,0.5833333333333334,30.71891799835584,0.4195776499720618,24,0.6453604529680318,0.35463954703196815,FULL,24,215.208
MSME0302,1.0,0.1946495176772739,1,0.1029852946020856,0.09418374824739832,0.5940650111841373,0.9583333333333334,17.290310488981874,0.25702178579254126,23,0.828629223513019,0.17137077648698099,FULL,24,167.625
MSME0303,1.0,0.40218462493975543,7,0.1574132604083038,0.1562173569366167,0.216754006695704,0.9166666666666666,85.63771748436166,0.21959532081731553,24,0.8373451001383762,0.16265489986162388,FULL,24,79.417
MSME0304,0.9904761904761905,0.21999620956634147,9,-0.19473790929107135,-0.061105109352467914,0.30744898349808547,0.9583333333333334,64.25128714995644,0.6273047285427885,24,0.8092237097043417,0.19077629029565832,FULL,24,42.625
MSME0305,1.0,0.41014060621006093,7,-0.04246572868048765,-0.08292463361541813,0.49980254838035176,0.625,25.9865784778414,0.5438556534560731,22,0.6629354546912408,0.3370645453087591,FULL,24,221.25
MSME0306,1.0,0.24183380436924717,3,-0.1280500263638898,-0.18004170937622746,0.7465701294142798,0.4166666666666667,7.183792063612262,0.23229689894599856,12,0.5194707031487287,0.48052929685127144,FULL,24,131.333
MSME0307,1.0,0.6214529335792798,3,-0.2330456573379163,-0.2252623491779588,0.35747670747278637,0.2916666666666667,44.08958920748974,0.7513031294269915,19,0.5792321188104762,0.42076788118952374,FULL,24,62.625
MSME0308,1.0,0.2149999903971388,6,0.05533356202122531,0.06946575863280803,0.44616047083887245,0.9583333333333334,33.84941178142644,0.45648308840873,24,0.8893406236197816,0.11065937638021829,FULL,24,44.417
MSME0309,1.0,0.36950989911410487,1,-0.004250850585936191,-0.006274842033333131,0.34548965471045495,0.9583333333333334,56.27771307874682,0.4088766226292024,24,0.7413486501350317,0.2586513498649684,FULL,24,229.458
MSME0310,1.0,0.18432895707814953,6,0.20678643774786631,0.15956870102902346,0.6083125332863972,0.9583333333333334,17.863892350280878,0.24436242021439367,23,0.8294371392940766,0.17056286070592333,FULL,24,171.625
MSME0311,1.0,0.4926198025944748,8,-0.13633042829266906,-0.08531406846544402,0.24509794281172664,0.625,76.08240050395922,0.7003240353595676,23,0.6641002733323241,0.335899726667676,FULL,24,70.0
MSME0312,1.0,0.18271455787966764,7,-0.008521781689273917,0.018815906966480736,0.03995268859851885,0.875,653.5039196739202,0.22945746278109846,24,0.7596733092798408,0.24032669072015916,FULL,24,39.0
MSME0313,1.0,0.4115589735145337,6,-0.04437903958438005,-0.058250625535977894,0.5730941718350953,0.5833333333333334,22.134548060956785,0.7664973948337944,22,0.6939498478337667,0.3060501521662333,FULL,24,222.208
MSME0314,1.0,0.1654755811399551,3,0.0361168509504146,0.026144484312284014,0.5888370226040986,0.875,19.09958557151474,0.10224713716430057,24,0.7665955979831116,0.2334044020168884,FULL,24,163.5
MSME0315,1.0,0.546009177355241,6,-0.41758962314476905,-0.350606816676827,0.3336197075265036,0.25,55.26446900886185,0.6533906279591107,22,0.5627982070243751,0.43720179297562484,FULL,24,62.0
MSME0316,0.9809523809523809,0.1980677810954319,10,0.1860701121412571,0.1741068131054346,0.015123528606671988,0.875,1980.52101403474,0.4347351741478317,24,0.8436324068444034,0.15636759315559656,FULL,24,37.583
MSME0317,1.0,0.4340757745865288,5,-0.08072320410274952,-0.07135109065440859,0.4671076291475064,0.5833333333333334,29.6089965234921,0.44804395800119,22,0.6586806382034437,0.34131936179655636,FULL,24,215.25
MSME0318,1.0,0.19030221595291624,5,0.15167037733548652,0.1303419257884364,0.6164480769543413,0.9583333333333334,15.057960820406077,0.2754329657977869,24,0.8860447549687379,0.1139552450312621,FULL,24,170.417
MSME0319,0.9904761904761905,0.3918814916205076,9,-0.05623167888542431,-0.06819800233214562,0.24420339158969898,0.5416666666666666,81.27047180798857,0.26383761473962464,24,0.6743879083392975,0.32561209166070254,FULL,24,67.542
MSME0320,1.0,0.19233797419826507,10,0.038199581676939466,-0.012057514305851736,0.5415933810323745,0.9166666666666666,22.256935401430752,0.27508043775324975,24,0.8978215230460119,0.10217847695398809,FULL,24,44.042
MSME0321,1.0,0.3971732793235285,2,0.015206138465448348,0.014055084335734451,0.45939079066379596,0.7916666666666666,34.24988665096702,0.4119518360610734,24,0.7561829783083811,0.24381702169161887,FULL,24,232.583
MSME0322,1.0,0.1556933754350731,6,0.03097879718610117,0.03616108490320029,0.6145336207494315,0.8333333333333334,19.157495731295032,0.15501523274263437,24,0.7299318027263284,0.27006819727367154,FULL,24,162.167
MSME0323,1.0,0.444995229982123,1,0.04067743207682092,0.05799517469721697,0.23283053457957611,0.875,75.45067470501964,0.5119107982012354,24,0.7617006444991418,0.2382993555008582,FULL,24,79.0
MSME0324,1.0,0.24260731821229156,11,0.1183045807180461,0.11251431343513475,0.045985433751749814,0.8333333333333334,644.4435233745315,0.5276397349577856,24,0.7736899480441315,0.22631005195586845,FULL,24,37.542
MSME0325,1.0,0.48009999959714755,4,-0.26666959258490797,-0.31824840574948415,0.7205930966747613,0.25,12.518463346579738,0.698916027939215,17,0.6314425691241895,0.36855743087581044,FULL,24,199.333
MSME0326,1.0,0.16726361304500173,1,0.13443136577443363,0.13036704131564475,0.5762677710374037,0.9583333333333334,19.684297062876524,0.12714550905617344,24,0.8806153762165251,0.11938462378347495,FULL,24,169.417
MSME0327,1.0,0.40421378467103314,2,-0.08810076911933744,-0.08200026264251764,0.2863318067580135,0.75,63.87334458315109,0.5369517872617091,23,0.6266479092074558,0.37335209079254417,FULL,24,70.625
MSME0328,0.975,0.15572929199558191,4,-0.052044517333056435,,0.15482285136980287,0.8888888888888888,153.69423077964046,0.23614286081600422,9,0.7632460364577593,0.2367539635422407,LOW_CONFIDENCE,9,39.667
MSME0329,1.0,0.3923424002233557,6,-0.006866708290646749,-0.02651755655231022,0.38465945940199975,0.4583333333333333,42.87094127667162,0.3132644909917637,24,0.6490108446481503,0.3509891553518498,FULL,24,214.833
MSME0330,1.0,0.22467334083661178,8,-0.015653428826804615,-0.051623285743197384,0.6990656782999527,0.6666666666666666,11.843274507981134,0.3610816870768929,20,0.6860046100019125,0.3139953899980875,FULL,24,151.542
MSME0331,1.0,0.44616376902257343,4,0.09691969460428634,0.09449538500303545,0.22295736559795393,1.0,82.4039187282498,0.18070907404119924,24,0.8461354873324257,0.1538645126675742,FULL,24,80.167
MSME0332,0.9904761904761905,0.3206550317354541,13,-0.2528786407992343,-0.2562437956917554,0.11848451423672357,0.34782608695652173,236.01483839171783,0.8078175735180425,23,0.6119814547973621,0.3880185452026378,FULL,24,31.75
MSME0333,1.0,0.3817192085375635,1,0.12124912827294898,0.11737958106302311,0.33657664135329196,1.0,57.85379454246913,0.3549440555992046,24,0.8370994391799425,0.16290056082005763,FULL,24,237.792
MSME0334,1.0,0.2759953465739532,3,-0.21114609382660307,-0.18412132653784088,0.7901148681188669,0.5,10.487506031552606,0.6599488170566614,17,0.6585267771657562,0.34147322283424375,FULL,24,154.75
MSME0335,1.0,0.4363849228906514,2,0.0949604814599432,0.06091629209927568,0.2745077936490184,0.7916666666666666,61.16344255162248,0.2538295555123856,24,0.7680250147109586,0.23197498528904134,FULL,24,80.375
MSME0336,1.0,0.23188761584760967,8,0.010058166328268019,-0.03184485040087232,0.08046651205135068,0.3333333333333333,359.2491967253543,0.7010308740994022,24,0.6722054882890918,0.3277945117109083,FULL,24,40.583
MSME0337,1.0,0.3785619951520583,2,0.07128170236306859,-0.00029957909658856274,0.3668616072693161,0.9166666666666666,52.49801066277638,0.3359704856220341,24,0.7391682337815715,0.2608317662184285,FULL,24,227.583
MSME0338,1.0,0.18004288455925033,1,0.13361675099254408,0.14744524178289942,0.5841544659452432,0.9583333333333334,18.910016695514358,0.14795318094004625,24,0.8213688766153947,0.17863112338460535,FULL,24,168.042
MSME0339,1.0,0.41848258289305706,6,0.059764128707907156,0.0791329389553355,0.2052502871276571,0.9583333333333334,90.49716742817705,0.17735550487506,24,0.8637224875046171,0.1362775124953828,FULL,24,79.792
MSME0340,1.0,0.242215653909995,6,-0.004183781292251667,-0.14943819751067824,0.09396706118578087,0.5652173913043478,302.77736062548286,0.5773749733558428,24,0.6745507367646729,0.325449263235327,FULL,24,38.208
MSME0341,1.0,0.414603238846514,4,-0.06260121148046373,-0.06486968081788981,0.39938905107231265,0.5833333333333334,43.52378281249841,0.6493958488184036,22,0.6446682588766935,0.3553317411233065,FULL,24,217.0
MSME0342,0.9904761904761905,0.19782558489004565,8,0.1335817252586234,0.09358001897117404,0.6029247540295319,0.9583333333333334,18.51168524775131,0.3152033572687065,23,0.8057391921884965,0.19426080781150348,FULL,24,165.042
MSME0343,1.0,0.425266711014796,1,0.10655183573330909,0.09922873708370238,0.20683397363151143,0.9583333333333334,86.37171692704423,0.27681469807215703,24,0.8593151857338374,0.14068481426616267,FULL,24,76.083
MSME0344,1.0,0.21834363269383872,8,0.1903258759469451,0.13667348773660387,0.046060024989351675,0.8333333333333334,633.3422530337027,0.40497005905107886,24,0.8178951449313617,0.18210485506863833,FULL,24,39.458
MSME0345,1.0,0.5076732974806095,4,-0.21727336097080788,-0.22750747748528682,0.5436289129030728,0.3333333333333333,23.154464844183284,0.8386614243516383,19,0.5727248066936489,0.4272751933063511,FULL,24,186.792
MSME0346,1.0,0.11984059167193932,3,-0.07936686352286174,-0.030608431946061183,0.6194119900527054,0.8333333333333334,18.555869437477355,0.17704500135584794,24,0.7428699705572392,0.25713002944276075,FULL,24,166.875
MSME0347,1.0,0.45435788255265885,8,-0.1916048380886598,-0.2093736609408762,0.24275237623910412,0.5416666666666666,82.72836098979425,0.612055551305018,23,0.6648502666464117,0.33514973335358833,FULL,24,70.0
MSME0348,1.0,0.20466978884169182,7,0.06739024021025806,0.07237350937694587,0.7329898037342502,1.0,13.460132580518218,0.48048162083201557,24,0.897510876875399,0.10248912312460112,FULL,24,43.667
MSME0349,1.0,0.5274116486789795,6,-0.2031569206623433,-0.1894363599134799,0.6048337942686873,0.30434782608695654,17.392348636546338,0.7460690192724758,18,0.5932973760890496,0.40670262391095036,FULL,24,185.042
MSME0350,1.0,0.17375947002842662,1,0.11163216668637992,0.1292794275921187,0.5883384258639465,0.8333333333333334,18.13507585182244,0.17028376138847282,24,0.8045628521583921,0.19543714784160784,FULL,24,173.25
MSME0351,1.0,0.47439914757769613,4,-0.04304255710553429,-0.1577201995665786,0.38089429504242733,0.4583333333333333,37.88076029068543,0.7683093694747818,22,0.6234080925312484,0.37659190746875165,FULL,24,60.792
MSME0352,1.0,0.23472722497554233,8,0.06815856408404677,0.06962581259630109,0.05729387141785607,1.0,500.9922936158679,0.28987761594881406,24,0.8494377972193653,0.1505622027806347,FULL,24,38.625
MSME0353,1.0,0.6861603426127734,4,-0.29002819861486334,-0.21344019349984866,0.8377006299166307,0.3333333333333333,3.375241869084513,0.8116194564750435,18,0.6299025910145377,0.3700974089854624,FULL,24,191.083
MSME0354,1.0,0.18511293502961484,1,0.14146621787397118,0.16095217876940027,0.6112575015758945,0.9583333333333334,18.349548950475178,0.3129065959850389,22,0.8284027397264435,0.1715972602735565,FULL,24,175.417
MSME0355,1.0,0.4707997183045916,3,-0.1135386712217462,-0.08659426940292501,0.33486740330568243,0.5416666666666666,51.44602963731533,0.5700648375419968,23,0.6735868691427039,0.32641313085729606,FULL,24,71.125
MSME0356,1.0,0.23350722359874757,6,-0.1138681303159139,-0.13980719188168642,0.9544697168896263,0.8333333333333334,1.5331519264035656,0.5063908567224529,24,0.8656524793441518,0.13434752065584826,FULL,24,42.667
MSME0357,1.0,0.508214117213541,8,-0.2598865691679618,-0.15589791853292345,0.8502060558416892,0.3333333333333333,3.871206135031644,0.7205965030943112,19,0.6475665246861998,0.35243347531380026,FULL,24,191.542
MSME0358,1.0,0.18444897470893887,5,0.1508861624268558,0.11741484086636522,0.6044795857695505,1.0,18.3109225100978,0.1862140369995568,23,0.27816466501565656,0.7218353349843434,FULL,24,168.542
MSME0359,1.0,0.45840797196702016,2,0.07008300147331287,-0.03146624445745628,0.23663211888412886,0.5833333333333334,84.05365902777348,0.5630222872463397,23,0.6815896791558932,0.3184103208441068,FULL,24,71.333
MSME0360,0.9904761904761905,0.20625023661985575,10,-0.1413424441844877,-0.05697376691653033,0.051870876112106834,0.6956521739130435,572.3716592666244,0.5216260757842079,24,0.6448987035092122,0.3551012964907879,FULL,24,38.375
MSME0361,1.0,0.39258899459275537,6,0.10652538089943665,0.11807360657161241,0.3450069084104486,0.875,55.149844540271566,0.4134058118399162,24,0.26819170974400824,0.7318082902559918,FULL,24,235.667
MSME0362,1.0,0.2176959966079661,8,-0.06595814859447088,-0.02568973141957617,0.6943742954878726,0.6086956521739131,13.008480850418565,0.6378588519771954,16,0.6723246653398557,0.32767533466014437,FULL,24,152.375
MSME0363,1.0,0.45063177297806006,3,0.12394577582386843,0.03494155151469173,0.2581657968225136,0.5833333333333334,71.8207481206532,0.3165390117747742,24,0.6466059384670638,0.3533940615329362,FULL,24,70.917
MSME0364,1.0,0.1966131590521364,8,0.003862702891054293,-0.015520784886495125,0.08385743921751518,0.8333333333333334,323.2075372897158,0.30036844014740033,24,0.7484981978972637,0.2515018021027363,FULL,24,39.75
MSME0365,1.0,0.4489177655677357,5,-0.0804104751960263,-0.05938978635572283,0.4133661388269632,0.6666666666666666,43.823678442390495,0.6691928142810988,23,0.6627518416074821,0.3372481583925178,FULL,24,212.917
MSME0366,1.0,0.29435430052645833,6,-0.0512919881330669,-0.10480083287083732,0.8129426052030365,0.20833333333333334,7.336405124371052,0.6138211122775068,12,0.5782749985879801,0.4217250014120199,FULL,24,128.5
MSME0367,1.0,0.5046549516600105,3,0.06531279184588508,-0.005270847220066251,0.22609756237975015,0.8333333333333334,80.24593658257632,0.5132972168263125,24,0.7588238810525207,0.24117611894747926,FULL,24,75.667
MSME0368,0.9904761904761905,0.35387693289467465,8,-0.0201082581967519,0.09865157003630518,0.11398356771512488,0.7083333333333334,266.21209672711944,0.6758011060445082,24,0.6878461896703923,0.31215381032960765,FULL,24,35.5
MSME0369,1.0,0.39580301611174906,1,0.14241474461653142,0.139981441864876,0.5511676364511628,0.9583333333333334,23.336629717026508,0.3925436151618637,24,0.8606435693728172,0.13935643062718292,FULL,24,242.25
MSME0370,1.0,0.1596906662945924,2,-0.018693784448010627,0.003132419443855565,0.6142847172293067,0.8333333333333334,16.188769142694767,0.15264876585199055,23,0.7088449132382374,0.2911550867617626,FULL,24,163.625
MSME0371,1.0,0.4744233804266171,2,0.1714366105646648,0.20403284798850094,0.21177569821504044,0.9166666666666666,86.10224887604683,0.5086634890328147,24,0.8516727278185554,0.1483272721814446,FULL,24,79.792
MSME0372,1.0,0.26439868138508504,6,0.22430745410987593,0.19929971823570833,0.8959415029507258,0.7916666666666666,4.6634397334400655,0.5960448505779209,24,0.8642274360433722,0.13577256395662785,FULL,24,41.25
MSME0373,1.0,0.379718562744885,3,0.15577037852709938,0.1472924309359655,0.5325263535954782,0.875,23.870337044638912,0.3746424900296621,24,0.851697146604336,0.1483028533956639,FULL,24,244.083
MSME0374,1.0,0.16893632134186948,1,0.11130497660184237,0.12748334556781737,0.6044335475585302,0.875,16.67488058002963,0.23181882595000106,24,0.803686803265256,0.19631319673474398,FULL,24,173.25
MSME0375,1.0,0.4660129009204608,1,0.15366212078379604,0.15064098793796132,0.19780186300937344,1.0,95.05347079380994,0.2503950664710807,24,0.862213569570765,0.1377864304292349,FULL,24,78.042
MSME0376,0.9904761904761905,0.1890625998030934,10,-0.13132869198485347,-0.04644577658488318,0.11008815914199423,0.75,260.61014767489206,0.29069159891299234,24,0.7702811163324899,0.22971888366751012,FULL,24,39.333
MSME0377,1.0,0.39047620484112344,3,-0.03030773227963517,-0.08262017317749915,0.43880797372532004,0.5,36.687390283807844,0.5149038340143258,23,0.6531618656706467,0.3468381343293533,FULL,24,213.125
MSME0378,1.0,0.35658702026851,4,-0.3291049695298453,-0.3379058714057007,0.8432546669723551,0.4166666666666667,6.135823725898705,0.7566110732396244,12,0.6373718070364732,0.3626281929635268,FULL,24,129.833
MSME0379,1.0,0.44179170568088316,4,-0.07921866584718759,0.012417832415975,0.40063674997935783,0.5217391304347826,37.600748291306935,0.6356034852859641,23,0.7243316271989109,0.27566837280108925,FULL,24,74.208
MSME0380,0.9904761904761905,0.287432929793252,5,0.01865169975055135,-0.09549352393816175,0.1281958047705523,0.625,212.23969453700772,0.6252879644831474,24,0.7027230504402007,0.2972769495597994,FULL,24,39.75
MSME0381,1.0,0.3887413837495879,6,0.08788060710237174,0.047175918033024816,0.6380399697453091,0.9166666666666666,16.219592202487313,0.43429499423820933,24,0.782897480953798,0.21710251904620206,FULL,24,236.083
MSME0382,1.0,0.4238584177912267,6,-0.3105063650984525,-0.2791324288003777,1.005566539901792,0.2608695652173913,2.2013528595132126,0.6907302519932222,12,0.5410791359582052,0.4589208640417948,FULL,24,135.833
MSME0383,1.0,0.4730076654367669,5,0.1534283447354301,0.15250142009989026,0.1895958163887409,0.9583333333333334,96.70856762429983,0.2545258156376151,24,0.8488206553179365,0.15117934468206354,FULL,24,77.75
MSME0384,1.0,0.14229579318581365,8,0.07286176547092231,0.012634381775327986,0.1060659990669772,0.7916666666666666,262.0959745983579,0.3057725932799314,24,0.7821930957710664,0.21780690422893356,FULL,24,36.958
MSME0385,1.0,0.3613605448371743,6,-0.24886751754112116,-0.17383075109642482,0.4351640660958009,0.6086956521739131,39.29525197135315,0.6692422766503728,22,0.6546574782543083,0.3453425217456917,FULL,24,218.208
MSME0386,1.0,0.17808047031317337,4,-0.11115930543280858,-0.09313994713761573,0.6477397981199551,0.6086956521739131,15.453236406684374,0.19621176328033593,22,0.6369624611663072,0.3630375388336929,FULL,24,154.75
MSME0387,0.9904761904761905,0.44214437566106163,8,-0.03271684133463946,-0.17547804428759964,0.616360046443768,0.3333333333333333,13.768342501780781,0.6411932078645114,23,0.6534446223950887,0.34655537760491134,FULL,24,63.458
MSME0388,1.0,0.2646588537735824,7,-0.002726151974078288,0.020427658673842084,0.05592332160523072,0.9565217391304348,482.47845766045776,0.32527571167966646,24,0.7374164003446462,0.26258359965535377,FULL,24,39.917
MSME0389,1.0,0.3869362972492171,1,0.16343362840913372,0.13669442957338274,0.32487842799329697,0.8333333333333334,60.75945050534723,0.3985976954282015,24,0.8378707133301402,0.16212928666985976,FULL,24,236.167
MSME0390,1.0,0.162252185063512,3,-0.02563610155452237,0.0020642116960070908,0.6044127200100414,0.9565217391304348,19.001609971451135,0.16353083185690412,24,0.7283148022203001,0.27168519777969985,FULL,24,163.5
MSME0391,1.0,0.4537020729379981,4,0.02052086263327773,0.016857203719425038,0.30077861924410837,0.9166666666666666,53.592777745780324,0.30329048923050084,24,0.7422979407685623,0.2577020592314377,FULL,24,77.875
MSME0392,0.9904761904761905,0.22158845025256027,5,0.18329348024717854,0.15669338310707526,0.47855056243911337,0.9583333333333334,34.57976616499978,0.22279786818818045,24,0.8921218969931711,0.10787810300682892,FULL,24,44.167
MSME0393,1.0,0.40877753702584174,2,0.031814090875750836,0.018179038411509495,0.33069812877852645,0.75,54.92419437718022,0.37405045386556773,24,0.7392235118453767,0.2607764881546233,FULL,24,232.5
MSME0394,1.0,0.1473400104300737,4,0.013215568486101724,-0.015527271667271473,0.6460627971795714,0.7916666666666666,15.23582636610228,0.15329462920212267,24,0.7806447655271298,0.2193552344728702,FULL,24,164.375
MSME0395,0.9904761904761905,0.41838764706334386,8,0.12296789605909542,0.09945996982540053,0.18133008036859424,1.0,103.50228091324082,0.21548569684357685,24,0.8459899250049875,0.15401007499501254,FULL,24,77.917
MSME0396,0.9809523809523809,0.31395051707957067,11,0.06521899959399513,0.05456556364972852,0.25033290642560885,0.2608695652173913,109.77054474377493,0.6207865350031767,24,0.6051837266841205,0.3948162733158795,FULL,24,28.458
MSME0397,1.0,0.3744398512650374,5,-0.044658971355218,-0.02522504088177718,0.3914976371915898,0.9166666666666666,43.529338777180264,0.4896615680480118,24,0.7500644576373798,0.2499355423626202,FULL,24,234.042
MSME0398,1.0,0.13752168909590876,3,-0.14237367450321087,-0.14692253170075015,0.6734729562797802,0.5416666666666666,14.697352330207973,0.12973957309853906,21,0.6414420749291134,0.3585579250708865,FULL,24,155.042
MSME0399,1.0,0.46843284240664146,3,0.14660766166583342,0.1617842819322994,0.1981797693723786,1.0,94.51363700123082,0.2213198870323215,24,0.8530530229217119,0.14694697707828816,FULL,24,79.75
MSME0400,0.9904761904761905,0.20887815388104988,10,0.25027407117017414,0.2207952096605833,0.09532371387829763,0.9565217391304348,296.5255879586077,0.3283730645254775,24,0.8426639889237124,0.15733601107628756,FULL,24,40.667
MSME0401,1.0,0.38813975895271835,2,0.04006501244764535,0.07721148714805541,0.4985112684378882,0.9166666666666666,30.209199742570274,0.37171561289272315,24,0.7578438136341483,0.2421561863658517,FULL,24,241.083
MSME0402,1.0,0.16990438069352123,1,0.1497314239209078,0.12169221284196359,0.5946896796576399,0.9583333333333334,18.090702180647064,0.14081167409634684,24,0.7789718202533091,0.22102817974669092,FULL,24,168.667
MSME0403,1.0,0.44249530215728217,2,0.12680073811367987,0.1286568964971148,0.2992674602079995,0.875,53.11211728339989,0.17486493881389498,24,0.8706035063677242,0.12939649363227582,FULL,24,81.792
MSME0404,1.0,0.18079828097473952,6,0.06419192238686688,0.11871007726844524,0.0505771929334655,0.9130434782608695,560.595782733515,0.3455992891554555,24,0.8204421895018581,0.17955781049814185,FULL,24,40.542
MSME0405,1.0,0.3290990695439876,8,0.16456063419380687,0.11028323403501139,0.37017723160552657,0.875,49.59255735035369,0.3465588150933181,24,0.7422688885789133,0.2577311114210868,FULL,24,230.583
MSME0406,1.0,0.16158402737723496,2,0.050275881335292115,0.06169804834200282,0.6754626097780413,0.8333333333333334,12.019158778165178,0.11661227916406759,24,0.7373595807918475,0.2626404192081525,FULL,24,166.208
MSME0407,1.0,0.43003213646876903,9,-0.03500588537288695,-0.029920141390049778,0.26084107420905733,0.7083333333333334,67.63178025524105,0.43680132407278294,24,0.6966309151337777,0.3033690848662223,FULL,24,68.542
MSME0408,1.0,0.2215042691425214,7,-0.08566304443078547,-0.06374324302723841,0.2484153606276732,0.8333333333333334,105.90926439938436,0.4626728290793219,24,0.7802904539096013,0.21970954609039867,FULL,24,43.458
MSME0409,1.0,0.40058075813353505,8,0.00543319133973104,0.021800305474668158,0.43144332745249997,0.9565217391304348,37.73277935248779,0.5902923973645817,23,0.7575853017980012,0.2424146982019987,FULL,24,232.125
MSME0410,1.0,0.18986345068045052,2,0.1172376314945629,0.1300283262833771,0.6031757116557249,0.9583333333333334,20.160012281303736,0.26965761510575437,22,0.8334040262724012,0.1665959737275989,FULL,24,168.292
MSME0411,1.0,0.4533971392280572,3,0.09225460619168413,0.10433308528557071,0.3888452380089804,0.9166666666666666,33.316741148113195,0.32326292857247707,24,0.8534267870062473,0.14657321299375267,FULL,24,82.625
MSME0412,1.0,0.16061717887788715,7,0.10177320944089271,0.09633865281588075,0.05669842065439151,0.9583333333333334,511.24211383871693,0.26802703131774014,24,0.8384999434090418,0.16150005659095826,FULL,24,41.833
MSME0413,1.0,0.35511619591351895,1,0.09749200236093349,0.12089880054541201,0.35065649760629813,0.9583333333333334,52.63174219649757,0.38146405559992186,24,0.8338053271978331,0.1661946728021669,FULL,24,238.625
MSME0414,1.0,0.1917289707931127,4,-0.10657130038783474,-0.03247520473263149,0.6746658592355859,0.5833333333333334,13.686535910967267,0.5141845659149843,21,0.5829084464569855,0.4170915535430146,FULL,24,153.625
MSME0415,1.0,0.46306606276866563,1,0.06668785331974691,0.09424403847247821,0.3904634166988796,0.9166666666666666,32.152046374696496,0.28347700352958577,24,0.8734083512422428,0.12659164875775722,FULL,24,82.25
MSME0416,0.9714285714285714,0.39381745091423315,12,-0.3647839367676319,-0.33944070568314827,1.182596957149424,0.25,-3.309613318205495,0.8650822581800527,23,0.7763918970742929,0.22360810292570715,FULL,24,34.375
MSME0417,1.0,0.3973716731298223,6,-0.0826449820608316,-0.032319525690612104,0.5790905741282549,0.9166666666666666,22.94009602033879,0.4725189874744378,24,0.7850061709259857,0.2149938290740143,FULL,24,232.583
MSME0418,1.0,0.17566038183334465,3,0.03428770780329611,0.039623598460037816,0.6022370529355751,0.6666666666666666,16.911216473356774,0.12904844872173651,24,0.7641227670927706,0.2358772329072293,FULL,24,164.167
MSME0419,1.0,0.47949531389759587,5,-0.19447850822768623,-0.18809518557035135,0.3507500415746974,0.5,52.439311118721285,0.7069737577634223,22,0.5781954065205223,0.4218045934794778,FULL,24,61.708
MSME0420,0.9809523809523809,0.3572056719725711,14,-0.3287954743034511,-0.3475546009546436,0.2134921593783654,0.2916666666666667,113.3188483132249,0.7073614267228269,24,0.6377217909925468,0.3622782090074533,FULL,24,31.917
MSME0421,1.0,0.48490499932030645,8,0.07850407032196462,-0.0684915935374223,0.4919044014588941,0.20833333333333334,28.075045948237946,0.48309893713560165,19,0.5848537582539554,0.4151462417460446,FULL,24,184.958
MSME0422,1.0,0.25617724492805705,3,0.007620819663935948,-0.02484514544852152,0.7012520890765787,0.5833333333333334,12.409374100208627,0.5996420813968265,15,0.6538310239766948,0.34616897602330526,FULL,24,151.583
MSME0423,1.0,0.4504915363161222,2,0.06380261089455791,0.015477148139925075,0.2545613187890281,0.7916666666666666,69.46530633934405,0.36841674590928564,24,0.2685078955574313,0.7314921044425687,FULL,24,79.333
MSME0424,1.0,0.20335909956979054,6,-0.11978085921823645,-0.05716052697605014,0.09413627342460111,0.782608695652174,296.14417504637663,0.33844264168359883,24,0.7895693691945107,0.2104306308054893,FULL,24,40.833
MSME0425,1.0,0.5482996931823315,5,-0.12402471105641484,-0.15084105949297183,1.0217995099730712,0.2916666666666667,-4.434882702660788,0.6676672676939641,16,0.6863645099084631,0.3136354900915369,FULL,24,193.833
MSME0426,1.0,0.1882290289192559,6,0.22055463318317273,0.16141511205898387,0.6047488759494238,0.9583333333333334,18.643806009799125,0.2734072583216684,23,0.8435335569446905,0.1564664430553095,FULL,24,169.25
MSME0427,1.0,0.4428789403867419,2,0.031068335520892356,0.06891275871398231,0.24969873561845043,0.8333333333333334,72.42154559674698,0.5712498370219874,23,0.7564642972420262,0.24353570275797365,FULL,24,78.5
MSME0428,1.0,0.19262569667801702,8,0.17370840528870474,0.18691826349322885,0.4774185926550908,1.0,32.17809778053219,0.19206565646084534,24,0.5088959023611977,0.4911040976388021,FULL,24,41.0
MSME0429,1.0,0.39161457990970966,2,0.08981291167607607,0.11844563429125336,0.37889765475831627,0.9583333333333334,46.96838354807833,0.40009727351984303,24,0.8310364009437742,0.16896359905622588,FULL,24,238.375
MSME0430,1.0,0.20603053537208557,1,0.11171276573043169,0.1432483221294375,0.6019877016240444,0.9583333333333334,19.138479369093087,0.47943104730187025,22,0.8417834213332294,0.15821657866677058,FULL,24,169.667
MSME0431,1.0,0.2875861477368933,2,,,0.6135130553230501,0.5,26.44635149478822,0.4645130298282886,4,0.6845883691296041,0.31541163087039603,NOT_ASSESSABLE,4,72.0
MSME0432,1.0,0.19885938827868183,7,0.03678818338782478,0.05902855753207272,0.07037284673963809,1.0,395.63296969111946,0.5293728627478235,24,0.8486900840923238,0.15130991590767612,FULL,24,39.5
MSME0433,1.0,0.3849150708213801,4,-0.02051396397389765,-0.01166855374843793,0.37303497737225244,0.7083333333333334,48.77887792730551,0.38872323974634565,23,0.6533200958181526,0.3466799041818474,FULL,24,213.333
MSME0434,1.0,0.19647906138708746,6,-0.11024235936082878,-0.11690732245372062,0.679580518547723,0.5,13.106398772153044,0.4180427814615473,18,0.6271925909660998,0.3728074090339001,FULL,24,151.25
MSME0435,1.0,0.4230968987086752,5,0.18939313507764002,0.16801267398771955,0.20322518376132567,1.0,88.05630306834584,0.1748002236704264,24,0.8427565160592826,0.15724348394071738,FULL,24,77.792
MSME0436,1.0,0.24992633357643482,7,0.06032891016301255,0.16768308779532012,0.0962485909114025,0.9166666666666666,264.96638328213226,0.3943901151613858,24,0.844503126248829,0.15549687375117105,FULL,24,39.75
MSME0437,1.0,0.43180714868406683,6,-0.10878241596050212,-0.029719154978701992,0.5051127890939899,0.6666666666666666,27.643731318749477,0.4809570831793881,23,0.6723282359803466,0.3276717640196533,FULL,24,217.125
MSME0438,1.0,0.17776834236338704,3,0.16556767143429485,0.15399237244973202,0.5794068071764238,0.7916666666666666,18.999904117744002,0.17088228107271966,23,0.8555328353534155,0.14446716464658454,FULL,24,173.708
MSME0439,1.0,0.4239589805298634,1,0.061600547233387856,0.06186898194617954,0.22423079842362134,0.9166666666666666,81.34173117664665,0.1733630647124512,24,0.7426555644374743,0.25734443556252573,FULL,24,79.333
MSME0440,1.0,0.3771454306566126,9,-0.23460136035664805,-0.2187474796397526,0.13805002830572288,0.20833333333333334,183.56260318082292,0.5797506818973378,24,0.6450569457290267,0.3549430542709733,FULL,24,31.375
MSME0441,1.0,0.38796007128271,5,-0.12283484768316129,-0.16947981532233114,0.42738169771878726,0.5416666666666666,40.1880064814093,0.5721022332718878,21,0.6498575459968705,0.3501424540031295,FULL,24,215.208
MSME0442,1.0,0.16531688118311372,3,0.12791318042168337,0.1263927091817897,0.5840784096883149,0.9166666666666666,19.169607259576765,0.17366131645159963,24,0.7813149732143588,0.21868502678564108,FULL,24,165.917
MSME0443,0.9904761904761905,0.48587556073578736,7,0.03577304674400411,0.08866075115374616,0.5544336635482147,0.75,19.368469436841053,0.5707145043358004,23,0.7231598853348239,0.2768401146651761,FULL,24,75.792
MSME0444,1.0,0.2544908808758785,6,0.21881577609354516,0.2544717882041883,0.11446195401856438,0.9583333333333334,220.10354488336637,0.4002718874311798,24,0.8272159471675397,0.17278405283246034,FULL,24,37.625
MSME0445,1.0,0.38944950071624057,5,0.03056034217463248,-0.022635228167237884,0.361431847458241,0.8695652173913043,53.888831775469214,0.3811986678155945,24,0.7303603495014452,0.2696396504985547,FULL,24,235.333
MSME0446,0.9904761904761905,0.2857629394300119,7,-0.21970616300201096,-0.2072806771886699,0.8839036453834274,0.4166666666666667,4.538984989580556,0.6019406872288828,14,0.5711412191377646,0.4288587808622354,FULL,24,138.458
MSME0447,1.0,0.45580563268599145,7,0.06372671854520011,0.00013703449478601808,0.26279265426546994,0.4583333333333333,66.8781357666616,0.41963204191759274,24,0.6637972302520164,0.3362027697479836,FULL,24,69.667
MSME0448,1.0,0.21533636446510288,8,0.16926902638691738,0.24302741459929614,0.7115577070149188,0.9583333333333334,13.03924242808692,0.41277932472767853,24,0.9118252120373466,0.08817478796265342,FULL,24,45.875
MSME0449,1.0,0.39490296641623496,5,0.02055977167131835,0.01742842709986756,0.35608769814198016,0.9583333333333334,44.36768970212568,0.3759514852745149,24,0.7456150897648637,0.25438491023513643,FULL,24,230.75
MSME0450,1.0,0.14931708388485776,3,-0.009655543989150393,0.0005335444312765475,0.6694595568360417,0.7083333333333334,14.88029079717747,0.13761657398948499,23,0.713155721761736,0.2868442782382641,FULL,24,160.667
MSME0451,1.0,0.45943380870996625,1,0.16043470157487452,0.1387833048145609,0.2202433833697093,0.9583333333333334,80.92947922813207,0.4193423000571335,24,0.8555037481077313,0.14449625189226867,FULL,24,79.458
MSME0452,0.9375,0.30542606378886217,8,-0.10888935821436063,,0.1353712051447055,0.5714285714285714,206.35920223513904,0.4998080529387234,7,0.6106060547628833,0.3893939452371168,LOW_CONFIDENCE,7,27.857
MSME0453,1.0,0.4689297710287013,6,-0.3434833029649876,-0.28843358439052347,0.7779696488572351,0.2916666666666667,5.88669747641954,0.754492515758096,19,0.6383757452823723,0.36162425471762766,FULL,24,192.583
MSME0454,1.0,0.17722132364664325,1,0.16392902038079393,0.1328784613283241,0.5981812307391384,1.0,18.70567289720138,0.37204345406327505,23,0.8500122026083378,0.14998779739166226,FULL,24,173.458
MSME0455,1.0,0.44117504214622466,7,0.09916241211128338,0.08733487756667105,0.25374134632930984,0.9166666666666666,67.56036028921302,0.28538115246774864,24,0.8444262541143351,0.15557374588566478,FULL,24,79.833
MSME0456,1.0,0.21837826566787694,9,0.13354356454461075,0.034942579106675746,0.9627105784492711,0.5416666666666666,0.011703021345710342,0.2927091768077782,24,0.8155291412456566,0.18447085875434333,FULL,24,40.167
MSME0457,1.0,0.3807601663814496,8,-0.005914205364805481,0.042651542988421436,0.33996157254524784,0.8695652173913043,56.184368747774464,0.5168221482688218,24,0.7543558082075457,0.24564419179245442,FULL,24,236.25
MSME0458,1.0,0.15637469261499823,4,0.0055735235514472155,0.029089285457305436,0.6019435459325698,0.8333333333333334,18.72581490295383,0.18298268688522126,22,0.7410858475924448,0.2589141524075552,FULL,24,164.167
MSME0459,1.0,0.40768576855077693,6,0.10550442859360029,0.09842301986169318,0.1801278563677279,0.9583333333333334,102.1545896354182,0.16733500046752023,24,0.8295965576777291,0.17040344232227084,FULL,24,79.417
MSME0460,1.0,0.1934918721916298,7,0.06900160724411884,0.03148418530054412,0.7210148748832628,0.8333333333333334,10.499825390100229,0.19603668807799068,24,0.8433023333261387,0.15669766667386129,FULL,24,44.583
MSME0461,1.0,0.36350765796058215,2,,,0.5555953300599586,0.4,29.51650446506832,0.4712282344066851,4,0.5874837253763799,0.41251627462362,NOT_ASSESSABLE,5,227.6
MSME0462,1.0,0.14130456070799768,3,0.04654037604910431,0.0288016326343268,0.6391623292127051,1.0,15.245272670551827,0.15164701808345915,23,0.7333917053157131,0.2666082946842868,FULL,24,168.917
MSME0463,1.0,0.4334653371435554,2,0.08445295702128437,0.09920240548116077,0.2127920612875098,0.875,81.88925557934374,0.19400815184325107,24,0.8424215145584282,0.15757848544157183,FULL,24,78.208
MSME0464,1.0,0.2074392332906828,6,0.21234605277384705,0.1533882718214308,0.08648991543547314,0.9166666666666666,313.4396609340058,0.3391693403552095,24,0.8316558632419295,0.1683441367580705,FULL,24,39.958
MSME0465,1.0,0.3791929504629622,1,0.10221184551165283,0.11476426230512198,0.4025707185563139,1.0,41.24967585059358,0.360813093829544,24,0.8398438861718258,0.16015611382817416,FULL,24,247.417
MSME0466,1.0,0.18474472060745073,4,0.13416519782929173,0.11414559666554142,0.5811149225042885,1.0,19.89213422754433,0.13603644520420766,23,0.8444278803407262,0.1555721196592738,FULL,24,167.333
MSME0467,1.0,0.3922339038248021,7,-0.0029679511040635875,0.0033819351084390143,0.4153543546395701,0.9166666666666666,30.409511113625577,0.23799341958032924,24,0.7891799424162791,0.21082005758372097,FULL,24,77.125
MSME0468,1.0,0.33584794080941005,8,-0.28263728599209204,-0.050001311964239244,0.22308694611092483,0.2916666666666667,113.20976328077847,0.708377388740968,24,0.6102950019847118,0.38970499801528835,FULL,24,31.083
MSME0469,1.0,0.40342084543783235,7,0.1326162441344945,0.15229327988251107,0.6036913301157987,0.9583333333333334,17.05282021244138,0.3383698096972267,24,0.8571302444212346,0.1428697555787654,FULL,24,237.75
MSME0470,1.0,0.21433291800759133,6,-0.22027320619204943,-0.14527827720925968,0.7469112612891267,0.625,9.369492628770715,0.4597110044797295,18,0.2531042418831514,0.7468957581168487,FULL,24,151.708
MSME0471,0.9904761904761905,0.45606047600428656,7,0.10704313230080316,0.1299133568118099,0.1929608833681504,0.9565217391304348,98.98680127537652,0.2660212260720478,24,0.8596424291927103,0.14035757080728972,FULL,24,78.917
MSME0472,1.0,0.23941761341823098,8,0.2699707118850017,0.24977606899858046,0.08624526697889376,0.9583333333333334,312.5952717667172,0.42039272154629387,24,0.8425680137381614,0.15743198626183863,FULL,24,41.0
MSME0473,1.0,0.3980961266131821,1,0.15124038762172715,0.14136596798541004,0.3285651291250836,0.9166666666666666,57.61450561793874,0.39373620944308024,24,0.8289556675919095,0.17104433240809053,FULL,24,238.542
MSME0474,0.9904761904761905,0.2571697443508905,9,-0.035352805858004856,-0.14154836922904485,1.0353344782977885,0.4166666666666667,1.437785599003718,0.7067232775945522,10,0.6046915686200943,0.39530843137990573,FULL,24,135.708
MSME0475,1.0,0.44339419364422794,2,-0.040988438623979,-0.023275603960922705,0.22548100820713704,0.8333333333333334,76.69445412225646,0.13211824119446627,24,0.7442565831943996,0.2557434168056003,FULL,24,76.125
MSME0476,1.0,0.1851199259287065,6,0.2417734112973019,0.1875901536489483,0.04849424564019182,0.9583333333333334,599.3486039280998,0.3023669780113825,24,0.8365206270180692,0.1634793729819308,FULL,24,41.25
MSME0477,1.0,0.4122986271774239,2,0.10985353400389557,0.11680916167319809,0.3322472952411092,0.9166666666666666,58.86056128874352,0.3574391020148236,24,0.8298296479127677,0.17017035208723222,FULL,24,242.208
MSME0478,1.0,0.19582073512912757,3,0.006012066424443567,-0.042138847811302074,0.7166161252182132,0.5,10.004476353805055,0.5179039409740698,19,0.7336481843012924,0.26635181569870764,FULL,24,151.208
MSME0479,1.0,0.41216874059153213,2,-0.0605654202403098,-0.08531422403454067,0.23996394967683046,0.5416666666666666,74.81977695575927,0.3171395417040761,24,0.6828169989052322,0.3171830010947679,FULL,24,74.167
MSME0480,1.0,0.17861257711228198,7,0.15679802623784111,0.09577329010011185,0.07990054616320733,0.9166666666666666,347.89635612636494,0.20861210070829625,24,0.8321247817698834,0.16787521823011664,FULL,24,41.208
MSME0481,1.0,0.3435264414323011,5,-0.02505934472210125,-0.01926801424555573,0.36555469352534786,0.875,54.3157080138313,0.4169595661200324,24,0.7435501869663009,0.2564498130336991,FULL,24,234.667
MSME0482,1.0,0.15545067663862924,2,-0.003111911213977965,0.031124458449023857,0.6083130270136561,0.75,18.148612841688696,0.1114440563858468,24,0.6333105425715775,0.36668945742842257,FULL,24,162.5
MSME0483,1.0,0.45521616193390674,3,-0.10250614963513754,-0.06996553486071132,0.23627683372320016,0.5,81.96867131960808,0.6019893168028111,23,0.659194161987466,0.34080583801253406,FULL,24,70.375
MSME0484,0.9904761904761905,0.17687434370612354,8,0.08463137906661661,0.056908178133267935,0.07857525084967568,0.8333333333333334,365.8180990947147,0.39875400409474965,24,0.7635328093499318,0.23646719065006813,FULL,24,41.042
MSME0485,1.0,0.39903941681001964,2,0.11749302278241194,0.11603237666664284,0.5461911903264863,0.9166666666666666,25.458765554283545,0.4208537956851456,24,0.8489513098721293,0.15104869012787075,FULL,24,239.167
MSME0486,1.0,0.19249136775597436,2,0.11028956715178755,0.0788809449314059,0.6076018590849834,0.875,19.848090489000846,0.40080244734603276,22,0.7852458894547261,0.2147541105452739,FULL,24,159.417
MSME0487,1.0,0.4439954026256619,2,0.1352096467203683,0.12677562122758637,0.24324540058178004,0.875,80.28967431391402,0.35319001057973654,24,0.7554630532297331,0.24453694677026694,FULL,24,77.292
MSME0488,0.9904761904761905,0.21906372620760495,8,-0.03290519040870031,-0.06111616707166664,0.049477740479821924,0.782608695652174,547.7757981318834,0.45276411587875903,24,0.7626759461087804,0.23732405389121963,FULL,24,36.292
MSME0489,1.0,0.38043436790589163,7,0.035318746829355346,0.018253666506102276,0.5902364763983574,0.8333333333333334,17.229794290182266,0.3927283863756577,24,0.3748377224413172,0.6251622775586828,FULL,24,234.875
MSME0490,1.0,0.21340778547007647,3,0.14917911048517993,0.0794191022226354,0.6453152168546044,0.625,16.00284371818669,0.3385370974421175,21,0.7296684716472399,0.27033152835276014,FULL,24,166.5
MSME0491,1.0,0.4340310946968747,2,0.18479777997983302,0.1672404275574292,0.19057306881521052,0.9166666666666666,101.07204904911728,0.1965438574596234,24,0.854411651791594,0.1455883482084061,FULL,24,78.667
MSME0492,0.9904761904761905,0.19725561292829408,10,0.17725483395737324,0.10763817586136082,0.10084756109436573,0.9583333333333334,257.72946978404497,0.2580226607758348,24,0.781791693102076,0.218208306897924,FULL,24,39.542
MSME0493,1.0,0.40024798774701204,1,0.08884043535489472,0.03697919420136121,0.35428815226955684,0.9166666666666666,49.82694713980471,0.42104410758849614,24,0.7386461115187856,0.26135388848121455,FULL,24,239.542
MSME0494,1.0,0.17670099851232707,3,0.1272475981019408,0.11945568988495642,0.5961189613793035,1.0,18.438931644170424,0.16655404327517587,23,0.7761779632763137,0.22382203672368636,FULL,24,164.333
MSME0495,1.0,0.5311028992367005,5,0.1220422523695591,0.009424265322118493,0.6766897013342165,0.5416666666666666,7.955421993352752,0.7258451634098956,21,0.676071401985017,0.32392859801498297,FULL,24,65.667
MSME0496,1.0,0.2621939517202157,5,0.021855587787554066,0.009976070273701848,0.07504574431826758,1.0,354.52744667313686,0.4037418891077005,24,0.7661409335312824,0.2338590664687175,FULL,24,39.083
MSME0497,1.0,0.39953105168312586,8,0.02941590769190569,0.02572379394764644,0.3364673305563169,0.8333333333333334,57.344804503979525,0.4285664336030366,24,0.7535026930475394,0.2464973069524606,FULL,24,231.375
MSME0498,1.0,0.2242176951050928,7,0.2326591317263402,0.1581790029037805,0.6964272546419031,0.9583333333333334,12.801148225376485,0.4256662803511066,21,0.8446136120392438,0.15538638796075624,FULL,24,168.292
MSME0499,0.9904761904761905,0.44679630437982837,7,-0.08217684102501334,-0.06442143460516198,0.31496107590953476,0.6086956521739131,50.314601806448216,0.45545701118206694,24,0.6591027091932051,0.34089729080679493,FULL,24,75.875
MSME0500,1.0,0.26306958876176717,5,0.023941863973553298,0.0008109195203077532,0.09438544312030814,1.0,286.1505014287794,0.4650248410395823,24,0.7750483330675191,0.22495166693248095,FULL,24,39.917
MSME0501,1.0,0.385610017816063,2,-0.1617133181370838,-0.11592587920663096,0.4057284723589852,0.625,47.542256908986445,0.7573070289940823,22,0.6549698656343954,0.3450301343656046,FULL,24,218.917
MSME0502,1.0,0.1806817149909089,2,0.07475252110306363,0.09229080262636315,0.6556299674219911,0.7916666666666666,13.621292529159595,0.3238936647742287,23,0.7465250120688336,0.2534749879311664,FULL,24,169.167
MSME0503,1.0,0.29826943944184375,1,-0.01785119295716696,,0.21969368352999702,1.0,99.45441552926796,0.19297990530800152,10,0.7964529313464035,0.2035470686535965,LOW_CONFIDENCE,10,81.3
MSME0504,0.9809523809523809,0.17036851554145843,10,0.06787662863280464,0.06707373220629109,0.7201387593562555,1.0,11.099700124822897,0.32052778415847133,24,0.9069671621396079,0.09303283786039207,FULL,24,42.125
MSME0505,1.0,0.40885996555707865,4,0.1352589578361833,0.07940585179276456,0.35440365895381626,1.0,51.95762810122544,0.3396137037361218,24,0.8281600314070312,0.1718399685929688,FULL,24,235.167
MSME0506,1.0,0.1652435004349608,8,0.024296918753469815,0.013586349725585352,0.6145917955302883,1.0,18.21402992375743,0.358216967737804,22,0.813374648591056,0.186625351408944,FULL,24,169.292
MSME0507,1.0,0.3811643011586103,2,0.039569289803391854,0.03620653269093425,0.2370555392749634,0.7916666666666666,82.12579674784631,0.2538822277313245,24,0.7617224625642397,0.2382775374357603,FULL,24,78.0
MSME0508,1.0,0.21355084871357816,5,0.1313532384378089,0.07638448939584454,0.07972439242942898,0.9583333333333334,342.6476406371825,0.3489457099098528,24,0.8402903273456587,0.15970967265434133,FULL,24,41.792
MSME0509,1.0,0.380482643121296,2,-0.03705534686626381,-0.02776985092482377,0.5100879413837572,0.9583333333333334,26.464973266757298,0.49507102786061935,23,0.7575463860112795,0.24245361398872048,FULL,24,235.917
MSME0510,1.0,0.1841019546340186,5,0.15085424650384166,0.11456771983997906,0.5724895100124288,1.0,21.12512610246118,0.21546118599562572,24,0.7764053807536455,0.2235946192463545,FULL,24,167.25
MSME0511,1.0,0.48200055060391395,8,0.17271156387840275,0.1754559281769008,0.19806816615044462,0.9166666666666666,92.27970603724658,0.3330836386418426,24,0.826065808541317,0.1739341914586831,FULL,24,77.792
MSME0512,0.9904761904761905,0.259393334750148,10,-0.10973056275987336,0.045647752512447376,0.07913608695810236,0.9166666666666666,363.326741359326,0.47539935509284353,24,0.758485028949083,0.241514971050917,FULL,24,37.375
MSME0513,0.9904761904761905,0.38251080675740307,8,0.16931266181208499,0.0982812486639101,0.33549736494206767,0.8333333333333334,59.91314930102148,0.3633476996290935,24,0.728735995866963,0.271264004133037,FULL,24,229.375
MSME0514,1.0,0.17038354994406973,7,0.1642962869672178,0.11186784425034292,0.5537561450169665,0.9565217391304348,21.298329905957974,0.26692754338491753,24,0.7825597259977113,0.21744027400228866,FULL,24,165.458
MSME0515,1.0,0.390582348898372,2,-0.024009421632063137,,0.222372626235695,1.0,95.35635999501915,0.11398050302655562,10,0.7490543506612354,0.25094564933876456,LOW_CONFIDENCE,10,73.4
MSME0516,1.0,0.32373975636772284,10,-0.38311693114689205,-0.3458419282900393,0.10429471702698301,0.25,242.11685909102044,0.7198946334029885,24,0.6352707423774823,0.3647292576225178,FULL,24,32.75
MSME0517,1.0,0.390376256716413,7,-0.4638703144273309,-0.3207324478252004,0.5085046673688919,0.4166666666666667,25.361043827870965,0.3410283373585736,23,0.23580439875208192,0.7641956012479181,FULL,24,186.125
MSME0518,1.0,0.23131343917728575,3,-0.05138587941762575,-0.09924007145329522,0.6804295261407335,0.5,14.070513405792045,0.6739534239030948,19,0.6836792777885737,0.3163207222114262,FULL,24,154.833
MSME0519,1.0,0.4511436451969057,4,-0.22455302789567855,-0.14074391834764183,0.32055047836231987,0.5416666666666666,55.55156518737171,0.7292003978129387,23,0.5728476795683612,0.42715232043163875,FULL,24,60.542
MSME0520,1.0,0.22586576215508442,6,-0.09101504675379674,-0.025582820635197196,0.04145926929530326,0.9166666666666666,689.9987207187557,0.46179456209257363,24,0.7709469657667323,0.2290530342332677,FULL,24,40.75
demo_lakshmi,1.0,0.4076840000935503,5,0.17345764103001085,0.17899303145248768,0.3664668925723538,1.0,46.72106136154942,0.4704789994387679,24,0.8584934866273118,0.1415065133726882,FULL,24,244.25
